fecha_cita,tramo,n_citas,dia_semana,nombre_dia,es_finde,mes,anio,semana_iso,trimestre,dias_desde_inicio,grupo_dia,temporada,tramo_tarde,es_festivo,es_vispera_festivo,es_fecha_comercial,es_cierre
2024-05-09,mañana,0,3,Thursday,False,5,2024,19,2,0,entre_semana,primavera,0,False,False,False,False
2024-05-09,tarde,3,3,Thursday,False,5,2024,19,2,0,entre_semana,primavera,1,False,False,False,False
2024-05-10,mañana,1,4,Friday,False,5,2024,19,2,1,viernes,primavera,0,False,False,False,False
2024-05-10,tarde,2,4,Friday,False,5,2024,19,2,1,viernes,primavera,1,False,False,False,False
2024-05-11,mañana,2,5,Saturday,True,5,2024,19,2,2,fin_de_semana,primavera,0,False,False,False,False
2024-05-11,tarde,1,5,Saturday,True,5,2024,19,2,2,fin_de_semana,primavera,1,False,False,False,False
2024-05-12,mañana,1,6,Sunday,True,5,2024,19,2,3,fin_de_semana,primavera,0,False,False,False,False
2024-05-12,tarde,0,6,Sunday,True,5,2024,19,2,3,fin_de_semana,primavera,1,False,False,False,False
2024-05-13,mañana,0,0,Monday,False,5,2024,20,2,4,entre_semana,primavera,0,False,False,False,False
2024-05-13,tarde,1,0,Monday,False,5,2024,20,2,4,entre_semana,primavera,1,False,False,False,False
2024-05-14,mañana,0,1,Tuesday,False,5,2024,20,2,5,entre_semana,primavera,0,False,False,False,False
2024-05-14,tarde,1,1,Tuesday,False,5,2024,20,2,5,entre_semana,primavera,1,False,False,False,False
2024-05-15,mañana,1,2,Wednesday,False,5,2024,20,2,6,entre_semana,primavera,0,False,False,False,False
2024-05-15,tarde,2,2,Wednesday,False,5,2024,20,2,6,entre_semana,primavera,1,False,False,False,False
2024-05-16,mañana,0,3,Thursday,False,5,2024,20,2,7,entre_semana,primavera,0,False,False,False,False
2024-05-16,tarde,2,3,Thursday,False,5,2024,20,2,7,entre_semana,primavera,1,False,False,False,False
2024-05-17,mañana,0,4,Friday,False,5,2024,20,2,8,viernes,primavera,0,False,False,False,False
2024-05-17,tarde,4,4,Friday,False,5,2024,20,2,8,viernes,primavera,1,False,False,False,False
2024-05-18,mañana,1,5,Saturday,True,5,2024,20,2,9,fin_de_semana,primavera,0,False,False,False,False
2024-05-18,tarde,1,5,Saturday,True,5,2024,20,2,9,fin_de_semana,primavera,1,False,False,False,False
2024-05-19,mañana,1,6,Sunday,True,5,2024,20,2,10,fin_de_semana,primavera,0,False,False,False,False
2024-05-19,tarde,1,6,Sunday,True,5,2024,20,2,10,fin_de_semana,primavera,1,False,False,False,False
2024-05-20,mañana,2,0,Monday,False,5,2024,21,2,11,entre_semana,primavera,0,False,False,False,False
2024-05-20,tarde,1,0,Monday,False,5,2024,21,2,11,entre_semana,primavera,1,False,False,False,False
2024-05-21,mañana,0,1,Tuesday,False,5,2024,21,2,12,entre_semana,primavera,0,False,False,False,False
2024-05-21,tarde,1,1,Tuesday,False,5,2024,21,2,12,entre_semana,primavera,1,False,False,False,False
2024-05-22,mañana,0,2,Wednesday,False,5,2024,21,2,13,entre_semana,primavera,0,False,False,False,False
2024-05-22,tarde,0,2,Wednesday,False,5,2024,21,2,13,entre_semana,primavera,1,False,False,False,False
2024-05-23,mañana,2,3,Thursday,False,5,2024,21,2,14,entre_semana,primavera,0,False,False,False,False
2024-05-23,tarde,1,3,Thursday,False,5,2024,21,2,14,entre_semana,primavera,1,False,False,False,False
2024-05-24,mañana,2,4,Friday,False,5,2024,21,2,15,viernes,primavera,0,False,False,False,False
2024-05-24,tarde,2,4,Friday,False,5,2024,21,2,15,viernes,primavera,1,False,False,False,False
2024-05-25,mañana,2,5,Saturday,True,5,2024,21,2,16,fin_de_semana,primavera,0,False,False,False,False
2024-05-25,tarde,4,5,Saturday,True,5,2024,21,2,16,fin_de_semana,primavera,1,False,False,False,False
2024-05-26,mañana,0,6,Sunday,True,5,2024,21,2,17,fin_de_semana,primavera,0,False,False,False,False
2024-05-26,tarde,2,6,Sunday,True,5,2024,21,2,17,fin_de_semana,primavera,1,False,False,False,False
2024-05-27,mañana,0,0,Monday,False,5,2024,22,2,18,entre_semana,primavera,0,False,False,False,False
2024-05-27,tarde,2,0,Monday,False,5,2024,22,2,18,entre_semana,primavera,1,False,False,False,False
2024-05-28,mañana,0,1,Tuesday,False,5,2024,22,2,19,entre_semana,primavera,0,False,False,False,False
2024-05-28,tarde,0,1,Tuesday,False,5,2024,22,2,19,entre_semana,primavera,1,False,False,False,False
2024-05-29,mañana,0,2,Wednesday,False,5,2024,22,2,20,entre_semana,primavera,0,False,False,False,False
2024-05-29,tarde,1,2,Wednesday,False,5,2024,22,2,20,entre_semana,primavera,1,False,False,False,False
2024-05-30,mañana,1,3,Thursday,False,5,2024,22,2,21,entre_semana,primavera,0,False,False,False,False
2024-05-30,tarde,1,3,Thursday,False,5,2024,22,2,21,entre_semana,primavera,1,False,False,False,False
2024-05-31,mañana,0,4,Friday,False,5,2024,22,2,22,viernes,primavera,0,False,False,False,False
2024-05-31,tarde,3,4,Friday,False,5,2024,22,2,22,viernes,primavera,1,False,False,False,False
2024-06-01,mañana,0,5,Saturday,True,6,2024,22,2,23,fin_de_semana,verano,0,False,False,False,False
2024-06-01,tarde,3,5,Saturday,True,6,2024,22,2,23,fin_de_semana,verano,1,False,False,False,False
2024-06-02,mañana,4,6,Sunday,True,6,2024,22,2,24,fin_de_semana,verano,0,False,False,False,False
2024-06-02,tarde,2,6,Sunday,True,6,2024,22,2,24,fin_de_semana,verano,1,False,False,False,False
2024-06-03,mañana,1,0,Monday,False,6,2024,23,2,25,entre_semana,verano,0,False,False,False,False
2024-06-03,tarde,1,0,Monday,False,6,2024,23,2,25,entre_semana,verano,1,False,False,False,False
2024-06-04,mañana,0,1,Tuesday,False,6,2024,23,2,26,entre_semana,verano,0,False,False,False,False
2024-06-04,tarde,2,1,Tuesday,False,6,2024,23,2,26,entre_semana,verano,1,False,False,False,False
2024-06-05,mañana,1,2,Wednesday,False,6,2024,23,2,27,entre_semana,verano,0,False,False,False,False
2024-06-05,tarde,2,2,Wednesday,False,6,2024,23,2,27,entre_semana,verano,1,False,False,False,False
2024-06-06,mañana,0,3,Thursday,False,6,2024,23,2,28,entre_semana,verano,0,False,False,False,False
2024-06-06,tarde,2,3,Thursday,False,6,2024,23,2,28,entre_semana,verano,1,False,False,False,False
2024-06-07,mañana,0,4,Friday,False,6,2024,23,2,29,viernes,verano,0,False,False,False,False
2024-06-07,tarde,4,4,Friday,False,6,2024,23,2,29,viernes,verano,1,False,False,False,False
2024-06-08,mañana,0,5,Saturday,True,6,2024,23,2,30,fin_de_semana,verano,0,False,False,False,False
2024-06-08,tarde,5,5,Saturday,True,6,2024,23,2,30,fin_de_semana,verano,1,False,False,False,False
2024-06-09,mañana,1,6,Sunday,True,6,2024,23,2,31,fin_de_semana,verano,0,False,False,False,False
2024-06-09,tarde,3,6,Sunday,True,6,2024,23,2,31,fin_de_semana,verano,1,False,False,False,False
2024-06-10,mañana,1,0,Monday,False,6,2024,24,2,32,entre_semana,verano,0,False,False,False,False
2024-06-10,tarde,1,0,Monday,False,6,2024,24,2,32,entre_semana,verano,1,False,False,False,False
2024-06-11,mañana,3,1,Tuesday,False,6,2024,24,2,33,entre_semana,verano,0,False,False,False,False
2024-06-11,tarde,1,1,Tuesday,False,6,2024,24,2,33,entre_semana,verano,1,False,False,False,False
2024-06-12,mañana,1,2,Wednesday,False,6,2024,24,2,34,entre_semana,verano,0,False,False,False,False
2024-06-12,tarde,1,2,Wednesday,False,6,2024,24,2,34,entre_semana,verano,1,False,False,False,False
2024-06-13,mañana,1,3,Thursday,False,6,2024,24,2,35,entre_semana,verano,0,False,False,False,False
2024-06-13,tarde,2,3,Thursday,False,6,2024,24,2,35,entre_semana,verano,1,False,False,False,False
2024-06-14,mañana,0,4,Friday,False,6,2024,24,2,36,viernes,verano,0,False,False,False,False
2024-06-14,tarde,4,4,Friday,False,6,2024,24,2,36,viernes,verano,1,False,False,False,False
2024-06-15,mañana,0,5,Saturday,True,6,2024,24,2,37,fin_de_semana,verano,0,False,False,False,False
2024-06-15,tarde,2,5,Saturday,True,6,2024,24,2,37,fin_de_semana,verano,1,False,False,False,False
2024-06-16,mañana,1,6,Sunday,True,6,2024,24,2,38,fin_de_semana,verano,0,False,False,False,False
2024-06-16,tarde,1,6,Sunday,True,6,2024,24,2,38,fin_de_semana,verano,1,False,False,False,False
2024-06-17,mañana,0,0,Monday,False,6,2024,25,2,39,entre_semana,verano,0,False,False,False,False
2024-06-17,tarde,2,0,Monday,False,6,2024,25,2,39,entre_semana,verano,1,False,False,False,False
2024-06-18,mañana,2,1,Tuesday,False,6,2024,25,2,40,entre_semana,verano,0,False,False,False,False
2024-06-18,tarde,2,1,Tuesday,False,6,2024,25,2,40,entre_semana,verano,1,False,False,False,False
2024-06-19,mañana,0,2,Wednesday,False,6,2024,25,2,41,entre_semana,verano,0,False,False,False,False
2024-06-19,tarde,3,2,Wednesday,False,6,2024,25,2,41,entre_semana,verano,1,False,False,False,False
2024-06-20,mañana,0,3,Thursday,False,6,2024,25,2,42,entre_semana,verano,0,False,False,False,False
2024-06-20,tarde,1,3,Thursday,False,6,2024,25,2,42,entre_semana,verano,1,False,False,False,False
2024-06-21,mañana,2,4,Friday,False,6,2024,25,2,43,viernes,verano,0,False,False,False,False
2024-06-21,tarde,2,4,Friday,False,6,2024,25,2,43,viernes,verano,1,False,False,False,False
2024-06-22,mañana,0,5,Saturday,True,6,2024,25,2,44,fin_de_semana,verano,0,False,False,False,False
2024-06-22,tarde,6,5,Saturday,True,6,2024,25,2,44,fin_de_semana,verano,1,False,False,False,False
2024-06-23,mañana,0,6,Sunday,True,6,2024,25,2,45,fin_de_semana,verano,0,False,False,False,False
2024-06-23,tarde,0,6,Sunday,True,6,2024,25,2,45,fin_de_semana,verano,1,False,False,False,False
2024-06-24,mañana,0,0,Monday,False,6,2024,26,2,46,entre_semana,verano,0,False,False,False,False
2024-06-24,tarde,2,0,Monday,False,6,2024,26,2,46,entre_semana,verano,1,False,False,False,False
2024-06-25,mañana,0,1,Tuesday,False,6,2024,26,2,47,entre_semana,verano,0,False,False,False,False
2024-06-25,tarde,2,1,Tuesday,False,6,2024,26,2,47,entre_semana,verano,1,False,False,False,False
2024-06-26,mañana,1,2,Wednesday,False,6,2024,26,2,48,entre_semana,verano,0,False,False,False,False
2024-06-26,tarde,2,2,Wednesday,False,6,2024,26,2,48,entre_semana,verano,1,False,False,False,False
2024-06-27,mañana,1,3,Thursday,False,6,2024,26,2,49,entre_semana,verano,0,False,False,False,False
2024-06-27,tarde,4,3,Thursday,False,6,2024,26,2,49,entre_semana,verano,1,False,False,False,False
2024-06-28,mañana,1,4,Friday,False,6,2024,26,2,50,viernes,verano,0,False,False,False,False
2024-06-28,tarde,4,4,Friday,False,6,2024,26,2,50,viernes,verano,1,False,False,False,False
2024-06-29,mañana,0,5,Saturday,True,6,2024,26,2,51,fin_de_semana,verano,0,False,False,False,False
2024-06-29,tarde,5,5,Saturday,True,6,2024,26,2,51,fin_de_semana,verano,1,False,False,False,False
2024-06-30,mañana,0,6,Sunday,True,6,2024,26,2,52,fin_de_semana,verano,0,False,False,False,False
2024-06-30,tarde,2,6,Sunday,True,6,2024,26,2,52,fin_de_semana,verano,1,False,False,False,False
2024-07-01,mañana,0,0,Monday,False,7,2024,27,3,53,entre_semana,verano,0,False,False,False,False
2024-07-01,tarde,2,0,Monday,False,7,2024,27,3,53,entre_semana,verano,1,False,False,False,False
2024-07-02,mañana,0,1,Tuesday,False,7,2024,27,3,54,entre_semana,verano,0,False,False,False,False
2024-07-02,tarde,1,1,Tuesday,False,7,2024,27,3,54,entre_semana,verano,1,False,False,False,False
2024-07-03,mañana,1,2,Wednesday,False,7,2024,27,3,55,entre_semana,verano,0,False,False,False,False
2024-07-03,tarde,3,2,Wednesday,False,7,2024,27,3,55,entre_semana,verano,1,False,False,False,False
2024-07-04,mañana,2,3,Thursday,False,7,2024,27,3,56,entre_semana,verano,0,False,False,False,False
2024-07-04,tarde,3,3,Thursday,False,7,2024,27,3,56,entre_semana,verano,1,False,False,False,False
2024-07-05,mañana,0,4,Friday,False,7,2024,27,3,57,viernes,verano,0,False,False,False,False
2024-07-05,tarde,2,4,Friday,False,7,2024,27,3,57,viernes,verano,1,False,False,False,False
2024-07-06,mañana,1,5,Saturday,True,7,2024,27,3,58,fin_de_semana,verano,0,False,False,False,False
2024-07-06,tarde,1,5,Saturday,True,7,2024,27,3,58,fin_de_semana,verano,1,False,False,False,False
2024-07-07,mañana,0,6,Sunday,True,7,2024,27,3,59,fin_de_semana,verano,0,False,False,False,False
2024-07-07,tarde,0,6,Sunday,True,7,2024,27,3,59,fin_de_semana,verano,1,False,False,False,False
2024-07-08,mañana,1,0,Monday,False,7,2024,28,3,60,entre_semana,verano,0,False,False,False,False
2024-07-08,tarde,2,0,Monday,False,7,2024,28,3,60,entre_semana,verano,1,False,False,False,False
2024-07-09,mañana,1,1,Tuesday,False,7,2024,28,3,61,entre_semana,verano,0,False,False,False,False
2024-07-09,tarde,4,1,Tuesday,False,7,2024,28,3,61,entre_semana,verano,1,False,False,False,False
2024-07-10,mañana,0,2,Wednesday,False,7,2024,28,3,62,entre_semana,verano,0,False,False,False,False
2024-07-10,tarde,2,2,Wednesday,False,7,2024,28,3,62,entre_semana,verano,1,False,False,False,False
2024-07-11,mañana,0,3,Thursday,False,7,2024,28,3,63,entre_semana,verano,0,False,False,False,False
2024-07-11,tarde,4,3,Thursday,False,7,2024,28,3,63,entre_semana,verano,1,False,False,False,False
2024-07-12,mañana,0,4,Friday,False,7,2024,28,3,64,viernes,verano,0,False,False,False,False
2024-07-12,tarde,3,4,Friday,False,7,2024,28,3,64,viernes,verano,1,False,False,False,False
2024-07-13,mañana,0,5,Saturday,True,7,2024,28,3,65,fin_de_semana,verano,0,False,False,False,False
2024-07-13,tarde,3,5,Saturday,True,7,2024,28,3,65,fin_de_semana,verano,1,False,False,False,False
2024-07-14,mañana,1,6,Sunday,True,7,2024,28,3,66,fin_de_semana,verano,0,False,False,False,False
2024-07-14,tarde,1,6,Sunday,True,7,2024,28,3,66,fin_de_semana,verano,1,False,False,False,False
2024-07-15,mañana,1,0,Monday,False,7,2024,29,3,67,entre_semana,verano,0,False,False,False,False
2024-07-15,tarde,2,0,Monday,False,7,2024,29,3,67,entre_semana,verano,1,False,False,False,False
2024-07-16,mañana,0,1,Tuesday,False,7,2024,29,3,68,entre_semana,verano,0,False,False,False,False
2024-07-16,tarde,4,1,Tuesday,False,7,2024,29,3,68,entre_semana,verano,1,False,False,False,False
2024-07-17,mañana,2,2,Wednesday,False,7,2024,29,3,69,entre_semana,verano,0,False,False,False,False
2024-07-17,tarde,3,2,Wednesday,False,7,2024,29,3,69,entre_semana,verano,1,False,False,False,False
2024-07-18,mañana,0,3,Thursday,False,7,2024,29,3,70,entre_semana,verano,0,False,False,False,False
2024-07-18,tarde,7,3,Thursday,False,7,2024,29,3,70,entre_semana,verano,1,False,False,False,False
2024-07-19,mañana,0,4,Friday,False,7,2024,29,3,71,viernes,verano,0,False,False,False,False
2024-07-19,tarde,3,4,Friday,False,7,2024,29,3,71,viernes,verano,1,False,False,False,False
2024-07-20,mañana,3,5,Saturday,True,7,2024,29,3,72,fin_de_semana,verano,0,False,False,False,False
2024-07-20,tarde,2,5,Saturday,True,7,2024,29,3,72,fin_de_semana,verano,1,False,False,False,False
2024-07-21,mañana,2,6,Sunday,True,7,2024,29,3,73,fin_de_semana,verano,0,False,False,False,False
2024-07-21,tarde,0,6,Sunday,True,7,2024,29,3,73,fin_de_semana,verano,1,False,False,False,False
2024-07-22,mañana,0,0,Monday,False,7,2024,30,3,74,entre_semana,verano,0,False,False,False,False
2024-07-22,tarde,0,0,Monday,False,7,2024,30,3,74,entre_semana,verano,1,False,False,False,False
2024-07-23,mañana,0,1,Tuesday,False,7,2024,30,3,75,entre_semana,verano,0,False,False,False,False
2024-07-23,tarde,3,1,Tuesday,False,7,2024,30,3,75,entre_semana,verano,1,False,False,False,False
2024-07-24,mañana,1,2,Wednesday,False,7,2024,30,3,76,entre_semana,verano,0,False,False,False,False
2024-07-24,tarde,0,2,Wednesday,False,7,2024,30,3,76,entre_semana,verano,1,False,False,False,False
2024-07-25,mañana,0,3,Thursday,False,7,2024,30,3,77,entre_semana,verano,0,False,False,False,False
2024-07-25,tarde,5,3,Thursday,False,7,2024,30,3,77,entre_semana,verano,1,False,False,False,False
2024-07-26,mañana,6,4,Friday,False,7,2024,30,3,78,viernes,verano,0,False,False,False,False
2024-07-26,tarde,3,4,Friday,False,7,2024,30,3,78,viernes,verano,1,False,False,False,False
2024-07-27,mañana,1,5,Saturday,True,7,2024,30,3,79,fin_de_semana,verano,0,False,False,False,False
2024-07-27,tarde,7,5,Saturday,True,7,2024,30,3,79,fin_de_semana,verano,1,False,False,False,False
2024-07-28,mañana,2,6,Sunday,True,7,2024,30,3,80,fin_de_semana,verano,0,False,False,False,False
2024-07-28,tarde,3,6,Sunday,True,7,2024,30,3,80,fin_de_semana,verano,1,False,False,False,False
2024-07-29,mañana,1,0,Monday,False,7,2024,31,3,81,entre_semana,verano,0,False,False,False,False
2024-07-29,tarde,1,0,Monday,False,7,2024,31,3,81,entre_semana,verano,1,False,False,False,False
2024-07-30,mañana,0,1,Tuesday,False,7,2024,31,3,82,entre_semana,verano,0,False,False,False,False
2024-07-30,tarde,1,1,Tuesday,False,7,2024,31,3,82,entre_semana,verano,1,False,False,False,False
2024-07-31,mañana,0,2,Wednesday,False,7,2024,31,3,83,entre_semana,verano,0,False,False,False,False
2024-07-31,tarde,3,2,Wednesday,False,7,2024,31,3,83,entre_semana,verano,1,False,False,False,False
2024-08-01,mañana,0,3,Thursday,False,8,2024,31,3,84,entre_semana,verano,0,False,False,False,False
2024-08-01,tarde,5,3,Thursday,False,8,2024,31,3,84,entre_semana,verano,1,False,False,False,False
2024-08-02,mañana,0,4,Friday,False,8,2024,31,3,85,viernes,verano,0,False,False,False,False
2024-08-02,tarde,3,4,Friday,False,8,2024,31,3,85,viernes,verano,1,False,False,False,False
2024-08-03,mañana,2,5,Saturday,True,8,2024,31,3,86,fin_de_semana,verano,0,False,False,False,False
2024-08-03,tarde,6,5,Saturday,True,8,2024,31,3,86,fin_de_semana,verano,1,False,False,False,False
2024-08-04,mañana,3,6,Sunday,True,8,2024,31,3,87,fin_de_semana,verano,0,False,False,False,False
2024-08-04,tarde,4,6,Sunday,True,8,2024,31,3,87,fin_de_semana,verano,1,False,False,False,False
2024-08-05,mañana,0,0,Monday,False,8,2024,32,3,88,entre_semana,verano,0,False,False,False,False
2024-08-05,tarde,4,0,Monday,False,8,2024,32,3,88,entre_semana,verano,1,False,False,False,False
2024-08-06,mañana,1,1,Tuesday,False,8,2024,32,3,89,entre_semana,verano,0,False,False,False,False
2024-08-06,tarde,0,1,Tuesday,False,8,2024,32,3,89,entre_semana,verano,1,False,False,False,False
2024-08-07,mañana,1,2,Wednesday,False,8,2024,32,3,90,entre_semana,verano,0,False,False,False,False
2024-08-07,tarde,3,2,Wednesday,False,8,2024,32,3,90,entre_semana,verano,1,False,False,False,False
2024-08-08,mañana,0,3,Thursday,False,8,2024,32,3,91,entre_semana,verano,0,False,False,False,False
2024-08-08,tarde,7,3,Thursday,False,8,2024,32,3,91,entre_semana,verano,1,False,False,False,False
2024-08-09,mañana,5,4,Friday,False,8,2024,32,3,92,viernes,verano,0,False,False,False,False
2024-08-09,tarde,2,4,Friday,False,8,2024,32,3,92,viernes,verano,1,False,False,False,False
2024-08-10,mañana,0,5,Saturday,True,8,2024,32,3,93,fin_de_semana,verano,0,False,False,False,False
2024-08-10,tarde,3,5,Saturday,True,8,2024,32,3,93,fin_de_semana,verano,1,False,False,False,False
2024-08-11,mañana,2,6,Sunday,True,8,2024,32,3,94,fin_de_semana,verano,0,False,False,False,False
2024-08-11,tarde,5,6,Sunday,True,8,2024,32,3,94,fin_de_semana,verano,1,False,False,False,False
2024-08-12,mañana,1,0,Monday,False,8,2024,33,3,95,entre_semana,verano,0,False,False,False,False
2024-08-12,tarde,3,0,Monday,False,8,2024,33,3,95,entre_semana,verano,1,False,False,False,False
2024-08-13,mañana,0,1,Tuesday,False,8,2024,33,3,96,entre_semana,verano,0,False,False,False,False
2024-08-13,tarde,0,1,Tuesday,False,8,2024,33,3,96,entre_semana,verano,1,False,False,False,False
2024-08-14,mañana,3,2,Wednesday,False,8,2024,33,3,97,entre_semana,verano,0,False,True,False,False
2024-08-14,tarde,5,2,Wednesday,False,8,2024,33,3,97,entre_semana,verano,1,False,True,False,False
2024-08-15,mañana,3,3,Thursday,False,8,2024,33,3,98,entre_semana,verano,0,True,False,False,False
2024-08-15,tarde,5,3,Thursday,False,8,2024,33,3,98,entre_semana,verano,1,True,False,False,False
2024-08-16,mañana,0,4,Friday,False,8,2024,33,3,99,viernes,verano,0,False,False,False,False
2024-08-16,tarde,4,4,Friday,False,8,2024,33,3,99,viernes,verano,1,False,False,False,False
2024-08-17,mañana,0,5,Saturday,True,8,2024,33,3,100,fin_de_semana,verano,0,False,False,False,False
2024-08-17,tarde,3,5,Saturday,True,8,2024,33,3,100,fin_de_semana,verano,1,False,False,False,False
2024-08-18,mañana,2,6,Sunday,True,8,2024,33,3,101,fin_de_semana,verano,0,False,False,False,False
2024-08-18,tarde,3,6,Sunday,True,8,2024,33,3,101,fin_de_semana,verano,1,False,False,False,False
2024-08-19,mañana,1,0,Monday,False,8,2024,34,3,102,entre_semana,verano,0,False,False,False,False
2024-08-19,tarde,1,0,Monday,False,8,2024,34,3,102,entre_semana,verano,1,False,False,False,False
2024-08-20,mañana,2,1,Tuesday,False,8,2024,34,3,103,entre_semana,verano,0,False,False,False,False
2024-08-20,tarde,2,1,Tuesday,False,8,2024,34,3,103,entre_semana,verano,1,False,False,False,False
2024-08-21,mañana,1,2,Wednesday,False,8,2024,34,3,104,entre_semana,verano,0,False,False,False,False
2024-08-21,tarde,3,2,Wednesday,False,8,2024,34,3,104,entre_semana,verano,1,False,False,False,False
2024-08-22,mañana,0,3,Thursday,False,8,2024,34,3,105,entre_semana,verano,0,False,False,False,False
2024-08-22,tarde,7,3,Thursday,False,8,2024,34,3,105,entre_semana,verano,1,False,False,False,False
2024-08-23,mañana,0,4,Friday,False,8,2024,34,3,106,viernes,verano,0,False,False,False,False
2024-08-23,tarde,0,4,Friday,False,8,2024,34,3,106,viernes,verano,1,False,False,False,False
2024-08-24,mañana,4,5,Saturday,True,8,2024,34,3,107,fin_de_semana,verano,0,False,False,False,False
2024-08-24,tarde,3,5,Saturday,True,8,2024,34,3,107,fin_de_semana,verano,1,False,False,False,False
2024-08-25,mañana,0,6,Sunday,True,8,2024,34,3,108,fin_de_semana,verano,0,False,False,False,False
2024-08-25,tarde,1,6,Sunday,True,8,2024,34,3,108,fin_de_semana,verano,1,False,False,False,False
2024-08-26,mañana,0,0,Monday,False,8,2024,35,3,109,entre_semana,verano,0,False,False,False,False
2024-08-26,tarde,3,0,Monday,False,8,2024,35,3,109,entre_semana,verano,1,False,False,False,False
2024-08-27,mañana,1,1,Tuesday,False,8,2024,35,3,110,entre_semana,verano,0,False,False,False,False
2024-08-27,tarde,5,1,Tuesday,False,8,2024,35,3,110,entre_semana,verano,1,False,False,False,False
2024-08-28,mañana,4,2,Wednesday,False,8,2024,35,3,111,entre_semana,verano,0,False,False,False,False
2024-08-28,tarde,4,2,Wednesday,False,8,2024,35,3,111,entre_semana,verano,1,False,False,False,False
2024-08-29,mañana,1,3,Thursday,False,8,2024,35,3,112,entre_semana,verano,0,False,False,False,False
2024-08-29,tarde,4,3,Thursday,False,8,2024,35,3,112,entre_semana,verano,1,False,False,False,False
2024-08-30,mañana,0,4,Friday,False,8,2024,35,3,113,viernes,verano,0,False,False,False,False
2024-08-30,tarde,5,4,Friday,False,8,2024,35,3,113,viernes,verano,1,False,False,False,False
2024-08-31,mañana,3,5,Saturday,True,8,2024,35,3,114,fin_de_semana,verano,0,False,False,False,False
2024-08-31,tarde,6,5,Saturday,True,8,2024,35,3,114,fin_de_semana,verano,1,False,False,False,False
2024-09-01,mañana,1,6,Sunday,True,9,2024,35,3,115,fin_de_semana,otoño,0,False,False,False,False
2024-09-01,tarde,4,6,Sunday,True,9,2024,35,3,115,fin_de_semana,otoño,1,False,False,False,False
2024-09-02,mañana,2,0,Monday,False,9,2024,36,3,116,entre_semana,otoño,0,False,False,False,False
2024-09-02,tarde,4,0,Monday,False,9,2024,36,3,116,entre_semana,otoño,1,False,False,False,False
2024-09-03,mañana,0,1,Tuesday,False,9,2024,36,3,117,entre_semana,otoño,0,False,False,False,False
2024-09-03,tarde,4,1,Tuesday,False,9,2024,36,3,117,entre_semana,otoño,1,False,False,False,False
2024-09-04,mañana,1,2,Wednesday,False,9,2024,36,3,118,entre_semana,otoño,0,False,False,False,False
2024-09-04,tarde,0,2,Wednesday,False,9,2024,36,3,118,entre_semana,otoño,1,False,False,False,False
2024-09-05,mañana,0,3,Thursday,False,9,2024,36,3,119,entre_semana,otoño,0,False,False,False,False
2024-09-05,tarde,1,3,Thursday,False,9,2024,36,3,119,entre_semana,otoño,1,False,False,False,False
2024-09-06,mañana,1,4,Friday,False,9,2024,36,3,120,viernes,otoño,0,False,False,False,False
2024-09-06,tarde,3,4,Friday,False,9,2024,36,3,120,viernes,otoño,1,False,False,False,False
2024-09-07,mañana,2,5,Saturday,True,9,2024,36,3,121,fin_de_semana,otoño,0,False,False,False,False
2024-09-07,tarde,5,5,Saturday,True,9,2024,36,3,121,fin_de_semana,otoño,1,False,False,False,False
2024-09-08,mañana,7,6,Sunday,True,9,2024,36,3,122,fin_de_semana,otoño,0,False,False,False,False
2024-09-08,tarde,5,6,Sunday,True,9,2024,36,3,122,fin_de_semana,otoño,1,False,False,False,False
2024-09-09,mañana,0,0,Monday,False,9,2024,37,3,123,entre_semana,otoño,0,False,False,False,False
2024-09-09,tarde,2,0,Monday,False,9,2024,37,3,123,entre_semana,otoño,1,False,False,False,False
2024-09-10,mañana,1,1,Tuesday,False,9,2024,37,3,124,entre_semana,otoño,0,False,False,False,False
2024-09-10,tarde,4,1,Tuesday,False,9,2024,37,3,124,entre_semana,otoño,1,False,False,False,False
2024-09-11,mañana,1,2,Wednesday,False,9,2024,37,3,125,entre_semana,otoño,0,False,False,False,False
2024-09-11,tarde,3,2,Wednesday,False,9,2024,37,3,125,entre_semana,otoño,1,False,False,False,False
2024-09-12,mañana,2,3,Thursday,False,9,2024,37,3,126,entre_semana,otoño,0,False,False,False,False
2024-09-12,tarde,6,3,Thursday,False,9,2024,37,3,126,entre_semana,otoño,1,False,False,False,False
2024-09-13,mañana,1,4,Friday,False,9,2024,37,3,127,viernes,otoño,0,False,False,False,False
2024-09-13,tarde,6,4,Friday,False,9,2024,37,3,127,viernes,otoño,1,False,False,False,False
2024-09-14,mañana,1,5,Saturday,True,9,2024,37,3,128,fin_de_semana,otoño,0,False,False,False,False
2024-09-14,tarde,7,5,Saturday,True,9,2024,37,3,128,fin_de_semana,otoño,1,False,False,False,False
2024-09-15,mañana,5,6,Sunday,True,9,2024,37,3,129,fin_de_semana,otoño,0,False,False,False,False
2024-09-15,tarde,4,6,Sunday,True,9,2024,37,3,129,fin_de_semana,otoño,1,False,False,False,False
2024-09-16,mañana,2,0,Monday,False,9,2024,38,3,130,entre_semana,otoño,0,False,False,False,False
2024-09-16,tarde,1,0,Monday,False,9,2024,38,3,130,entre_semana,otoño,1,False,False,False,False
2024-09-17,mañana,1,1,Tuesday,False,9,2024,38,3,131,entre_semana,otoño,0,False,False,False,False
2024-09-17,tarde,4,1,Tuesday,False,9,2024,38,3,131,entre_semana,otoño,1,False,False,False,False
2024-09-18,mañana,1,2,Wednesday,False,9,2024,38,3,132,entre_semana,otoño,0,False,False,False,False
2024-09-18,tarde,1,2,Wednesday,False,9,2024,38,3,132,entre_semana,otoño,1,False,False,False,False
2024-09-19,mañana,2,3,Thursday,False,9,2024,38,3,133,entre_semana,otoño,0,False,False,False,False
2024-09-19,tarde,3,3,Thursday,False,9,2024,38,3,133,entre_semana,otoño,1,False,False,False,False
2024-09-20,mañana,2,4,Friday,False,9,2024,38,3,134,viernes,otoño,0,False,False,False,False
2024-09-20,tarde,5,4,Friday,False,9,2024,38,3,134,viernes,otoño,1,False,False,False,False
2024-09-21,mañana,3,5,Saturday,True,9,2024,38,3,135,fin_de_semana,otoño,0,False,False,False,False
2024-09-21,tarde,14,5,Saturday,True,9,2024,38,3,135,fin_de_semana,otoño,1,False,False,False,False
2024-09-22,mañana,4,6,Sunday,True,9,2024,38,3,136,fin_de_semana,otoño,0,False,False,False,False
2024-09-22,tarde,5,6,Sunday,True,9,2024,38,3,136,fin_de_semana,otoño,1,False,False,False,False
2024-09-23,mañana,0,0,Monday,False,9,2024,39,3,137,entre_semana,otoño,0,False,False,False,False
2024-09-23,tarde,1,0,Monday,False,9,2024,39,3,137,entre_semana,otoño,1,False,False,False,False
2024-09-24,mañana,2,1,Tuesday,False,9,2024,39,3,138,entre_semana,otoño,0,False,False,False,False
2024-09-24,tarde,4,1,Tuesday,False,9,2024,39,3,138,entre_semana,otoño,1,False,False,False,False
2024-09-25,mañana,2,2,Wednesday,False,9,2024,39,3,139,entre_semana,otoño,0,False,False,False,False
2024-09-25,tarde,4,2,Wednesday,False,9,2024,39,3,139,entre_semana,otoño,1,False,False,False,False
2024-09-26,mañana,0,3,Thursday,False,9,2024,39,3,140,entre_semana,otoño,0,False,False,False,False
2024-09-26,tarde,2,3,Thursday,False,9,2024,39,3,140,entre_semana,otoño,1,False,False,False,False
2024-09-27,mañana,1,4,Friday,False,9,2024,39,3,141,viernes,otoño,0,False,False,False,False
2024-09-27,tarde,8,4,Friday,False,9,2024,39,3,141,viernes,otoño,1,False,False,False,False
2024-09-28,mañana,3,5,Saturday,True,9,2024,39,3,142,fin_de_semana,otoño,0,False,False,False,False
2024-09-28,tarde,9,5,Saturday,True,9,2024,39,3,142,fin_de_semana,otoño,1,False,False,False,False
2024-09-29,mañana,5,6,Sunday,True,9,2024,39,3,143,fin_de_semana,otoño,0,False,False,False,False
2024-09-29,tarde,8,6,Sunday,True,9,2024,39,3,143,fin_de_semana,otoño,1,False,False,False,False
2024-09-30,mañana,2,0,Monday,False,9,2024,40,3,144,entre_semana,otoño,0,False,False,False,False
2024-09-30,tarde,2,0,Monday,False,9,2024,40,3,144,entre_semana,otoño,1,False,False,False,False
2024-10-01,mañana,1,1,Tuesday,False,10,2024,40,4,145,entre_semana,otoño,0,False,False,False,False
2024-10-01,tarde,3,1,Tuesday,False,10,2024,40,4,145,entre_semana,otoño,1,False,False,False,False
2024-10-02,mañana,2,2,Wednesday,False,10,2024,40,4,146,entre_semana,otoño,0,False,False,False,False
2024-10-02,tarde,2,2,Wednesday,False,10,2024,40,4,146,entre_semana,otoño,1,False,False,False,False
2024-10-03,mañana,0,3,Thursday,False,10,2024,40,4,147,entre_semana,otoño,0,False,False,False,False
2024-10-03,tarde,3,3,Thursday,False,10,2024,40,4,147,entre_semana,otoño,1,False,False,False,False
2024-10-04,mañana,2,4,Friday,False,10,2024,40,4,148,viernes,otoño,0,False,False,False,False
2024-10-04,tarde,6,4,Friday,False,10,2024,40,4,148,viernes,otoño,1,False,False,False,False
2024-10-05,mañana,4,5,Saturday,True,10,2024,40,4,149,fin_de_semana,otoño,0,False,False,False,False
2024-10-05,tarde,5,5,Saturday,True,10,2024,40,4,149,fin_de_semana,otoño,1,False,False,False,False
2024-10-06,mañana,3,6,Sunday,True,10,2024,40,4,150,fin_de_semana,otoño,0,False,False,False,False
2024-10-06,tarde,6,6,Sunday,True,10,2024,40,4,150,fin_de_semana,otoño,1,False,False,False,False
2024-10-07,mañana,1,0,Monday,False,10,2024,41,4,151,entre_semana,otoño,0,False,False,False,False
2024-10-07,tarde,4,0,Monday,False,10,2024,41,4,151,entre_semana,otoño,1,False,False,False,False
2024-10-08,mañana,3,1,Tuesday,False,10,2024,41,4,152,entre_semana,otoño,0,False,False,False,False
2024-10-08,tarde,3,1,Tuesday,False,10,2024,41,4,152,entre_semana,otoño,1,False,False,False,False
2024-10-09,mañana,1,2,Wednesday,False,10,2024,41,4,153,entre_semana,otoño,0,False,False,False,False
2024-10-09,tarde,2,2,Wednesday,False,10,2024,41,4,153,entre_semana,otoño,1,False,False,False,False
2024-10-10,mañana,0,3,Thursday,False,10,2024,41,4,154,entre_semana,otoño,0,False,False,False,False
2024-10-10,tarde,3,3,Thursday,False,10,2024,41,4,154,entre_semana,otoño,1,False,False,False,False
2024-10-11,mañana,4,4,Friday,False,10,2024,41,4,155,viernes,otoño,0,False,True,False,False
2024-10-11,tarde,7,4,Friday,False,10,2024,41,4,155,viernes,otoño,1,False,True,False,False
2024-10-12,mañana,6,5,Saturday,True,10,2024,41,4,156,fin_de_semana,otoño,0,True,False,False,False
2024-10-12,tarde,11,5,Saturday,True,10,2024,41,4,156,fin_de_semana,otoño,1,True,False,False,False
2024-10-13,mañana,5,6,Sunday,True,10,2024,41,4,157,fin_de_semana,otoño,0,False,False,False,False
2024-10-13,tarde,6,6,Sunday,True,10,2024,41,4,157,fin_de_semana,otoño,1,False,False,False,False
2024-10-14,mañana,2,0,Monday,False,10,2024,42,4,158,entre_semana,otoño,0,False,False,False,False
2024-10-14,tarde,3,0,Monday,False,10,2024,42,4,158,entre_semana,otoño,1,False,False,False,False
2024-10-15,mañana,0,1,Tuesday,False,10,2024,42,4,159,entre_semana,otoño,0,False,False,False,False
2024-10-15,tarde,1,1,Tuesday,False,10,2024,42,4,159,entre_semana,otoño,1,False,False,False,False
2024-10-16,mañana,2,2,Wednesday,False,10,2024,42,4,160,entre_semana,otoño,0,False,False,False,False
2024-10-16,tarde,1,2,Wednesday,False,10,2024,42,4,160,entre_semana,otoño,1,False,False,False,False
2024-10-17,mañana,0,3,Thursday,False,10,2024,42,4,161,entre_semana,otoño,0,False,False,False,False
2024-10-17,tarde,3,3,Thursday,False,10,2024,42,4,161,entre_semana,otoño,1,False,False,False,False
2024-10-18,mañana,1,4,Friday,False,10,2024,42,4,162,viernes,otoño,0,False,False,False,False
2024-10-18,tarde,5,4,Friday,False,10,2024,42,4,162,viernes,otoño,1,False,False,False,False
2024-10-19,mañana,1,5,Saturday,True,10,2024,42,4,163,fin_de_semana,otoño,0,False,False,False,False
2024-10-19,tarde,7,5,Saturday,True,10,2024,42,4,163,fin_de_semana,otoño,1,False,False,False,False
2024-10-20,mañana,2,6,Sunday,True,10,2024,42,4,164,fin_de_semana,otoño,0,False,False,False,False
2024-10-20,tarde,8,6,Sunday,True,10,2024,42,4,164,fin_de_semana,otoño,1,False,False,False,False
2024-10-21,mañana,0,0,Monday,False,10,2024,43,4,165,entre_semana,otoño,0,False,False,False,False
2024-10-21,tarde,3,0,Monday,False,10,2024,43,4,165,entre_semana,otoño,1,False,False,False,False
2024-10-22,mañana,1,1,Tuesday,False,10,2024,43,4,166,entre_semana,otoño,0,False,False,False,False
2024-10-22,tarde,1,1,Tuesday,False,10,2024,43,4,166,entre_semana,otoño,1,False,False,False,False
2024-10-23,mañana,0,2,Wednesday,False,10,2024,43,4,167,entre_semana,otoño,0,False,False,False,False
2024-10-23,tarde,2,2,Wednesday,False,10,2024,43,4,167,entre_semana,otoño,1,False,False,False,False
2024-10-24,mañana,2,3,Thursday,False,10,2024,43,4,168,entre_semana,otoño,0,False,False,False,False
2024-10-24,tarde,4,3,Thursday,False,10,2024,43,4,168,entre_semana,otoño,1,False,False,False,False
2024-10-25,mañana,1,4,Friday,False,10,2024,43,4,169,viernes,otoño,0,False,False,False,False
2024-10-25,tarde,5,4,Friday,False,10,2024,43,4,169,viernes,otoño,1,False,False,False,False
2024-10-26,mañana,4,5,Saturday,True,10,2024,43,4,170,fin_de_semana,otoño,0,False,False,False,False
2024-10-26,tarde,11,5,Saturday,True,10,2024,43,4,170,fin_de_semana,otoño,1,False,False,False,False
2024-10-27,mañana,2,6,Sunday,True,10,2024,43,4,171,fin_de_semana,otoño,0,False,False,False,False
2024-10-27,tarde,5,6,Sunday,True,10,2024,43,4,171,fin_de_semana,otoño,1,False,False,False,False
2024-10-28,mañana,0,0,Monday,False,10,2024,44,4,172,entre_semana,otoño,0,False,False,False,False
2024-10-28,tarde,2,0,Monday,False,10,2024,44,4,172,entre_semana,otoño,1,False,False,False,False
2024-10-29,mañana,1,1,Tuesday,False,10,2024,44,4,173,entre_semana,otoño,0,False,False,False,False
2024-10-29,tarde,3,1,Tuesday,False,10,2024,44,4,173,entre_semana,otoño,1,False,False,False,False
2024-10-30,mañana,1,2,Wednesday,False,10,2024,44,4,174,entre_semana,otoño,0,False,False,False,False
2024-10-30,tarde,6,2,Wednesday,False,10,2024,44,4,174,entre_semana,otoño,1,False,False,False,False
2024-10-31,mañana,2,3,Thursday,False,10,2024,44,4,175,entre_semana,otoño,0,False,True,False,False
2024-10-31,tarde,7,3,Thursday,False,10,2024,44,4,175,entre_semana,otoño,1,False,True,False,False
2024-11-01,mañana,3,4,Friday,False,11,2024,44,4,176,viernes,otoño,0,True,False,False,False
2024-11-01,tarde,11,4,Friday,False,11,2024,44,4,176,viernes,otoño,1,True,False,False,False
2024-11-02,mañana,4,5,Saturday,True,11,2024,44,4,177,fin_de_semana,otoño,0,False,False,False,False
2024-11-02,tarde,5,5,Saturday,True,11,2024,44,4,177,fin_de_semana,otoño,1,False,False,False,False
2024-11-03,mañana,3,6,Sunday,True,11,2024,44,4,178,fin_de_semana,otoño,0,False,False,False,False
2024-11-03,tarde,6,6,Sunday,True,11,2024,44,4,178,fin_de_semana,otoño,1,False,False,False,False
2024-11-04,mañana,3,0,Monday,False,11,2024,45,4,179,entre_semana,otoño,0,False,False,False,False
2024-11-04,tarde,2,0,Monday,False,11,2024,45,4,179,entre_semana,otoño,1,False,False,False,False
2024-11-05,mañana,2,1,Tuesday,False,11,2024,45,4,180,entre_semana,otoño,0,False,False,False,False
2024-11-05,tarde,0,1,Tuesday,False,11,2024,45,4,180,entre_semana,otoño,1,False,False,False,False
2024-11-06,mañana,1,2,Wednesday,False,11,2024,45,4,181,entre_semana,otoño,0,False,False,False,False
2024-11-06,tarde,5,2,Wednesday,False,11,2024,45,4,181,entre_semana,otoño,1,False,False,False,False
2024-11-07,mañana,2,3,Thursday,False,11,2024,45,4,182,entre_semana,otoño,0,False,False,False,False
2024-11-07,tarde,1,3,Thursday,False,11,2024,45,4,182,entre_semana,otoño,1,False,False,False,False
2024-11-08,mañana,4,4,Friday,False,11,2024,45,4,183,viernes,otoño,0,False,False,False,False
2024-11-08,tarde,5,4,Friday,False,11,2024,45,4,183,viernes,otoño,1,False,False,False,False
2024-11-09,mañana,6,5,Saturday,True,11,2024,45,4,184,fin_de_semana,otoño,0,False,False,False,False
2024-11-09,tarde,7,5,Saturday,True,11,2024,45,4,184,fin_de_semana,otoño,1,False,False,False,False
2024-11-10,mañana,5,6,Sunday,True,11,2024,45,4,185,fin_de_semana,otoño,0,False,False,False,False
2024-11-10,tarde,3,6,Sunday,True,11,2024,45,4,185,fin_de_semana,otoño,1,False,False,False,False
2024-11-11,mañana,1,0,Monday,False,11,2024,46,4,186,entre_semana,otoño,0,False,False,False,False
2024-11-11,tarde,1,0,Monday,False,11,2024,46,4,186,entre_semana,otoño,1,False,False,False,False
2024-11-12,mañana,3,1,Tuesday,False,11,2024,46,4,187,entre_semana,otoño,0,False,False,False,False
2024-11-12,tarde,1,1,Tuesday,False,11,2024,46,4,187,entre_semana,otoño,1,False,False,False,False
2024-11-13,mañana,2,2,Wednesday,False,11,2024,46,4,188,entre_semana,otoño,0,False,False,False,False
2024-11-13,tarde,2,2,Wednesday,False,11,2024,46,4,188,entre_semana,otoño,1,False,False,False,False
2024-11-14,mañana,2,3,Thursday,False,11,2024,46,4,189,entre_semana,otoño,0,False,False,False,False
2024-11-14,tarde,2,3,Thursday,False,11,2024,46,4,189,entre_semana,otoño,1,False,False,False,False
2024-11-15,mañana,3,4,Friday,False,11,2024,46,4,190,viernes,otoño,0,False,False,False,False
2024-11-15,tarde,7,4,Friday,False,11,2024,46,4,190,viernes,otoño,1,False,False,False,False
2024-11-16,mañana,5,5,Saturday,True,11,2024,46,4,191,fin_de_semana,otoño,0,False,False,False,False
2024-11-16,tarde,6,5,Saturday,True,11,2024,46,4,191,fin_de_semana,otoño,1,False,False,False,False
2024-11-17,mañana,5,6,Sunday,True,11,2024,46,4,192,fin_de_semana,otoño,0,False,False,False,False
2024-11-17,tarde,5,6,Sunday,True,11,2024,46,4,192,fin_de_semana,otoño,1,False,False,False,False
2024-11-18,mañana,0,0,Monday,False,11,2024,47,4,193,entre_semana,otoño,0,False,False,False,False
2024-11-18,tarde,1,0,Monday,False,11,2024,47,4,193,entre_semana,otoño,1,False,False,False,False
2024-11-19,mañana,1,1,Tuesday,False,11,2024,47,4,194,entre_semana,otoño,0,False,False,False,False
2024-11-19,tarde,2,1,Tuesday,False,11,2024,47,4,194,entre_semana,otoño,1,False,False,False,False
2024-11-20,mañana,4,2,Wednesday,False,11,2024,47,4,195,entre_semana,otoño,0,False,False,False,False
2024-11-20,tarde,2,2,Wednesday,False,11,2024,47,4,195,entre_semana,otoño,1,False,False,False,False
2024-11-21,mañana,1,3,Thursday,False,11,2024,47,4,196,entre_semana,otoño,0,False,False,False,False
2024-11-21,tarde,4,3,Thursday,False,11,2024,47,4,196,entre_semana,otoño,1,False,False,False,False
2024-11-22,mañana,2,4,Friday,False,11,2024,47,4,197,viernes,otoño,0,False,False,False,False
2024-11-22,tarde,5,4,Friday,False,11,2024,47,4,197,viernes,otoño,1,False,False,False,False
2024-11-23,mañana,5,5,Saturday,True,11,2024,47,4,198,fin_de_semana,otoño,0,False,False,False,False
2024-11-23,tarde,7,5,Saturday,True,11,2024,47,4,198,fin_de_semana,otoño,1,False,False,False,False
2024-11-24,mañana,6,6,Sunday,True,11,2024,47,4,199,fin_de_semana,otoño,0,False,False,False,False
2024-11-24,tarde,6,6,Sunday,True,11,2024,47,4,199,fin_de_semana,otoño,1,False,False,False,False
2024-11-25,mañana,0,0,Monday,False,11,2024,48,4,200,entre_semana,otoño,0,False,False,False,False
2024-11-25,tarde,0,0,Monday,False,11,2024,48,4,200,entre_semana,otoño,1,False,False,False,False
2024-11-26,mañana,1,1,Tuesday,False,11,2024,48,4,201,entre_semana,otoño,0,False,False,False,False
2024-11-26,tarde,0,1,Tuesday,False,11,2024,48,4,201,entre_semana,otoño,1,False,False,False,False
2024-11-27,mañana,1,2,Wednesday,False,11,2024,48,4,202,entre_semana,otoño,0,False,False,False,False
2024-11-27,tarde,1,2,Wednesday,False,11,2024,48,4,202,entre_semana,otoño,1,False,False,False,False
2024-11-28,mañana,1,3,Thursday,False,11,2024,48,4,203,entre_semana,otoño,0,False,False,False,False
2024-11-28,tarde,4,3,Thursday,False,11,2024,48,4,203,entre_semana,otoño,1,False,False,False,False
2024-11-29,mañana,0,4,Friday,False,11,2024,48,4,204,viernes,otoño,0,False,False,False,False
2024-11-29,tarde,6,4,Friday,False,11,2024,48,4,204,viernes,otoño,1,False,False,False,False
2024-11-30,mañana,8,5,Saturday,True,11,2024,48,4,205,fin_de_semana,otoño,0,False,False,False,False
2024-11-30,tarde,6,5,Saturday,True,11,2024,48,4,205,fin_de_semana,otoño,1,False,False,False,False
2024-12-01,mañana,2,6,Sunday,True,12,2024,48,4,206,fin_de_semana,invierno,0,False,False,False,False
2024-12-01,tarde,5,6,Sunday,True,12,2024,48,4,206,fin_de_semana,invierno,1,False,False,False,False
2024-12-02,mañana,0,0,Monday,False,12,2024,49,4,207,entre_semana,invierno,0,False,False,False,False
2024-12-02,tarde,4,0,Monday,False,12,2024,49,4,207,entre_semana,invierno,1,False,False,False,False
2024-12-03,mañana,1,1,Tuesday,False,12,2024,49,4,208,entre_semana,invierno,0,False,False,False,False
2024-12-03,tarde,2,1,Tuesday,False,12,2024,49,4,208,entre_semana,invierno,1,False,False,False,False
2024-12-04,mañana,2,2,Wednesday,False,12,2024,49,4,209,entre_semana,invierno,0,False,False,False,False
2024-12-04,tarde,2,2,Wednesday,False,12,2024,49,4,209,entre_semana,invierno,1,False,False,False,False
2024-12-05,mañana,0,3,Thursday,False,12,2024,49,4,210,entre_semana,invierno,0,False,True,False,False
2024-12-05,tarde,4,3,Thursday,False,12,2024,49,4,210,entre_semana,invierno,1,False,True,False,False
2024-12-06,mañana,1,4,Friday,False,12,2024,49,4,211,viernes,invierno,0,True,False,False,False
2024-12-06,tarde,6,4,Friday,False,12,2024,49,4,211,viernes,invierno,1,True,False,False,False
2024-12-07,mañana,5,5,Saturday,True,12,2024,49,4,212,fin_de_semana,invierno,0,False,False,False,False
2024-12-07,tarde,3,5,Saturday,True,12,2024,49,4,212,fin_de_semana,invierno,1,False,False,False,False
2024-12-08,mañana,1,6,Sunday,True,12,2024,49,4,213,fin_de_semana,invierno,0,False,True,False,False
2024-12-08,tarde,2,6,Sunday,True,12,2024,49,4,213,fin_de_semana,invierno,1,False,True,False,False
2024-12-09,mañana,1,0,Monday,False,12,2024,50,4,214,entre_semana,invierno,0,True,False,False,False
2024-12-09,tarde,2,0,Monday,False,12,2024,50,4,214,entre_semana,invierno,1,True,False,False,False
2024-12-10,mañana,1,1,Tuesday,False,12,2024,50,4,215,entre_semana,invierno,0,False,False,False,False
2024-12-10,tarde,2,1,Tuesday,False,12,2024,50,4,215,entre_semana,invierno,1,False,False,False,False
2024-12-11,mañana,0,2,Wednesday,False,12,2024,50,4,216,entre_semana,invierno,0,False,False,False,False
2024-12-11,tarde,1,2,Wednesday,False,12,2024,50,4,216,entre_semana,invierno,1,False,False,False,False
2024-12-12,mañana,3,3,Thursday,False,12,2024,50,4,217,entre_semana,invierno,0,False,False,False,False
2024-12-12,tarde,4,3,Thursday,False,12,2024,50,4,217,entre_semana,invierno,1,False,False,False,False
2024-12-13,mañana,0,4,Friday,False,12,2024,50,4,218,viernes,invierno,0,False,False,False,False
2024-12-13,tarde,0,4,Friday,False,12,2024,50,4,218,viernes,invierno,1,False,False,False,False
2024-12-14,mañana,2,5,Saturday,True,12,2024,50,4,219,fin_de_semana,invierno,0,False,False,False,False
2024-12-14,tarde,3,5,Saturday,True,12,2024,50,4,219,fin_de_semana,invierno,1,False,False,False,False
2024-12-15,mañana,4,6,Sunday,True,12,2024,50,4,220,fin_de_semana,invierno,0,False,False,False,False
2024-12-15,tarde,6,6,Sunday,True,12,2024,50,4,220,fin_de_semana,invierno,1,False,False,False,False
2024-12-16,mañana,2,0,Monday,False,12,2024,51,4,221,entre_semana,invierno,0,False,False,False,False
2024-12-16,tarde,2,0,Monday,False,12,2024,51,4,221,entre_semana,invierno,1,False,False,False,False
2024-12-17,mañana,0,1,Tuesday,False,12,2024,51,4,222,entre_semana,invierno,0,False,False,False,False
2024-12-17,tarde,4,1,Tuesday,False,12,2024,51,4,222,entre_semana,invierno,1,False,False,False,False
2024-12-18,mañana,1,2,Wednesday,False,12,2024,51,4,223,entre_semana,invierno,0,False,False,False,False
2024-12-18,tarde,0,2,Wednesday,False,12,2024,51,4,223,entre_semana,invierno,1,False,False,False,False
2024-12-19,mañana,0,3,Thursday,False,12,2024,51,4,224,entre_semana,invierno,0,False,False,False,False
2024-12-19,tarde,1,3,Thursday,False,12,2024,51,4,224,entre_semana,invierno,1,False,False,False,False
2024-12-20,mañana,2,4,Friday,False,12,2024,51,4,225,viernes,invierno,0,False,False,False,False
2024-12-20,tarde,2,4,Friday,False,12,2024,51,4,225,viernes,invierno,1,False,False,False,False
2024-12-21,mañana,2,5,Saturday,True,12,2024,51,4,226,fin_de_semana,invierno,0,False,False,False,False
2024-12-21,tarde,5,5,Saturday,True,12,2024,51,4,226,fin_de_semana,invierno,1,False,False,False,False
2024-12-22,mañana,2,6,Sunday,True,12,2024,51,4,227,fin_de_semana,invierno,0,False,False,False,False
2024-12-22,tarde,4,6,Sunday,True,12,2024,51,4,227,fin_de_semana,invierno,1,False,False,False,False
2024-12-23,mañana,2,0,Monday,False,12,2024,52,4,228,entre_semana,invierno,0,False,False,False,False
2024-12-23,tarde,0,0,Monday,False,12,2024,52,4,228,entre_semana,invierno,1,False,False,False,False
2024-12-24,mañana,0,1,Tuesday,False,12,2024,52,4,229,entre_semana,invierno,0,False,True,False,False
2024-12-24,tarde,1,1,Tuesday,False,12,2024,52,4,229,entre_semana,invierno,1,False,True,False,False
2024-12-25,mañana,0,2,Wednesday,False,12,2024,52,4,230,entre_semana,invierno,0,True,False,False,True
2024-12-25,tarde,0,2,Wednesday,False,12,2024,52,4,230,entre_semana,invierno,1,True,False,False,True
2024-12-26,mañana,4,3,Thursday,False,12,2024,52,4,231,entre_semana,invierno,0,False,False,False,False
2024-12-26,tarde,6,3,Thursday,False,12,2024,52,4,231,entre_semana,invierno,1,False,False,False,False
2024-12-27,mañana,4,4,Friday,False,12,2024,52,4,232,viernes,invierno,0,False,False,False,False
2024-12-27,tarde,7,4,Friday,False,12,2024,52,4,232,viernes,invierno,1,False,False,False,False
2024-12-28,mañana,5,5,Saturday,True,12,2024,52,4,233,fin_de_semana,invierno,0,False,False,False,False
2024-12-28,tarde,6,5,Saturday,True,12,2024,52,4,233,fin_de_semana,invierno,1,False,False,False,False
2024-12-29,mañana,5,6,Sunday,True,12,2024,52,4,234,fin_de_semana,invierno,0,False,False,False,False
2024-12-29,tarde,4,6,Sunday,True,12,2024,52,4,234,fin_de_semana,invierno,1,False,False,False,False
2024-12-30,mañana,4,0,Monday,False,12,2024,1,4,235,entre_semana,invierno,0,False,False,False,False
2024-12-30,tarde,9,0,Monday,False,12,2024,1,4,235,entre_semana,invierno,1,False,False,False,False
2024-12-31,mañana,4,1,Tuesday,False,12,2024,1,4,236,entre_semana,invierno,0,False,True,False,False
2024-12-31,tarde,2,1,Tuesday,False,12,2024,1,4,236,entre_semana,invierno,1,False,True,False,False
2025-01-01,mañana,0,2,Wednesday,False,1,2025,1,1,237,entre_semana,invierno,0,True,False,False,True
2025-01-01,tarde,0,2,Wednesday,False,1,2025,1,1,237,entre_semana,invierno,1,True,False,False,True
2025-01-02,mañana,4,3,Thursday,False,1,2025,1,1,238,entre_semana,invierno,0,False,False,False,False
2025-01-02,tarde,6,3,Thursday,False,1,2025,1,1,238,entre_semana,invierno,1,False,False,False,False
2025-01-03,mañana,3,4,Friday,False,1,2025,1,1,239,viernes,invierno,0,False,False,False,False
2025-01-03,tarde,6,4,Friday,False,1,2025,1,1,239,viernes,invierno,1,False,False,False,False
2025-01-04,mañana,5,5,Saturday,True,1,2025,1,1,240,fin_de_semana,invierno,0,False,False,False,False
2025-01-04,tarde,3,5,Saturday,True,1,2025,1,1,240,fin_de_semana,invierno,1,False,False,False,False
2025-01-05,mañana,2,6,Sunday,True,1,2025,1,1,241,fin_de_semana,invierno,0,False,True,False,False
2025-01-05,tarde,7,6,Sunday,True,1,2025,1,1,241,fin_de_semana,invierno,1,False,True,False,False
2025-01-06,mañana,0,0,Monday,False,1,2025,2,1,242,entre_semana,invierno,0,True,False,False,True
2025-01-06,tarde,0,0,Monday,False,1,2025,2,1,242,entre_semana,invierno,1,True,False,False,True
2025-01-07,mañana,1,1,Tuesday,False,1,2025,2,1,243,entre_semana,invierno,0,False,False,False,False
2025-01-07,tarde,3,1,Tuesday,False,1,2025,2,1,243,entre_semana,invierno,1,False,False,False,False
2025-01-08,mañana,2,2,Wednesday,False,1,2025,2,1,244,entre_semana,invierno,0,False,False,False,False
2025-01-08,tarde,3,2,Wednesday,False,1,2025,2,1,244,entre_semana,invierno,1,False,False,False,False
2025-01-09,mañana,1,3,Thursday,False,1,2025,2,1,245,entre_semana,invierno,0,False,False,False,False
2025-01-09,tarde,5,3,Thursday,False,1,2025,2,1,245,entre_semana,invierno,1,False,False,False,False
2025-01-10,mañana,3,4,Friday,False,1,2025,2,1,246,viernes,invierno,0,False,False,False,False
2025-01-10,tarde,6,4,Friday,False,1,2025,2,1,246,viernes,invierno,1,False,False,False,False
2025-01-11,mañana,4,5,Saturday,True,1,2025,2,1,247,fin_de_semana,invierno,0,False,False,False,False
2025-01-11,tarde,13,5,Saturday,True,1,2025,2,1,247,fin_de_semana,invierno,1,False,False,False,False
2025-01-12,mañana,5,6,Sunday,True,1,2025,2,1,248,fin_de_semana,invierno,0,False,False,False,False
2025-01-12,tarde,5,6,Sunday,True,1,2025,2,1,248,fin_de_semana,invierno,1,False,False,False,False
2025-01-13,mañana,2,0,Monday,False,1,2025,3,1,249,entre_semana,invierno,0,False,False,False,False
2025-01-13,tarde,5,0,Monday,False,1,2025,3,1,249,entre_semana,invierno,1,False,False,False,False
2025-01-14,mañana,2,1,Tuesday,False,1,2025,3,1,250,entre_semana,invierno,0,False,False,False,False
2025-01-14,tarde,3,1,Tuesday,False,1,2025,3,1,250,entre_semana,invierno,1,False,False,False,False
2025-01-15,mañana,3,2,Wednesday,False,1,2025,3,1,251,entre_semana,invierno,0,False,False,False,False
2025-01-15,tarde,4,2,Wednesday,False,1,2025,3,1,251,entre_semana,invierno,1,False,False,False,False
2025-01-16,mañana,0,3,Thursday,False,1,2025,3,1,252,entre_semana,invierno,0,False,False,False,False
2025-01-16,tarde,4,3,Thursday,False,1,2025,3,1,252,entre_semana,invierno,1,False,False,False,False
2025-01-17,mañana,1,4,Friday,False,1,2025,3,1,253,viernes,invierno,0,False,False,False,False
2025-01-17,tarde,8,4,Friday,False,1,2025,3,1,253,viernes,invierno,1,False,False,False,False
2025-01-18,mañana,5,5,Saturday,True,1,2025,3,1,254,fin_de_semana,invierno,0,False,False,False,False
2025-01-18,tarde,10,5,Saturday,True,1,2025,3,1,254,fin_de_semana,invierno,1,False,False,False,False
2025-01-19,mañana,7,6,Sunday,True,1,2025,3,1,255,fin_de_semana,invierno,0,False,False,False,False
2025-01-19,tarde,10,6,Sunday,True,1,2025,3,1,255,fin_de_semana,invierno,1,False,False,False,False
2025-01-20,mañana,2,0,Monday,False,1,2025,4,1,256,entre_semana,invierno,0,False,False,False,False
2025-01-20,tarde,3,0,Monday,False,1,2025,4,1,256,entre_semana,invierno,1,False,False,False,False
2025-01-21,mañana,1,1,Tuesday,False,1,2025,4,1,257,entre_semana,invierno,0,False,False,False,False
2025-01-21,tarde,6,1,Tuesday,False,1,2025,4,1,257,entre_semana,invierno,1,False,False,False,False
2025-01-22,mañana,1,2,Wednesday,False,1,2025,4,1,258,entre_semana,invierno,0,False,False,False,False
2025-01-22,tarde,6,2,Wednesday,False,1,2025,4,1,258,entre_semana,invierno,1,False,False,False,False
2025-01-23,mañana,0,3,Thursday,False,1,2025,4,1,259,entre_semana,invierno,0,False,False,False,False
2025-01-23,tarde,6,3,Thursday,False,1,2025,4,1,259,entre_semana,invierno,1,False,False,False,False
2025-01-24,mañana,1,4,Friday,False,1,2025,4,1,260,viernes,invierno,0,False,False,False,False
2025-01-24,tarde,10,4,Friday,False,1,2025,4,1,260,viernes,invierno,1,False,False,False,False
2025-01-25,mañana,7,5,Saturday,True,1,2025,4,1,261,fin_de_semana,invierno,0,False,False,False,False
2025-01-25,tarde,11,5,Saturday,True,1,2025,4,1,261,fin_de_semana,invierno,1,False,False,False,False
2025-01-26,mañana,7,6,Sunday,True,1,2025,4,1,262,fin_de_semana,invierno,0,False,False,False,False
2025-01-26,tarde,10,6,Sunday,True,1,2025,4,1,262,fin_de_semana,invierno,1,False,False,False,False
2025-01-27,mañana,5,0,Monday,False,1,2025,5,1,263,entre_semana,invierno,0,False,False,False,False
2025-01-27,tarde,6,0,Monday,False,1,2025,5,1,263,entre_semana,invierno,1,False,False,False,False
2025-01-28,mañana,2,1,Tuesday,False,1,2025,5,1,264,entre_semana,invierno,0,False,False,False,False
2025-01-28,tarde,5,1,Tuesday,False,1,2025,5,1,264,entre_semana,invierno,1,False,False,False,False
2025-01-29,mañana,2,2,Wednesday,False,1,2025,5,1,265,entre_semana,invierno,0,False,False,False,False
2025-01-29,tarde,7,2,Wednesday,False,1,2025,5,1,265,entre_semana,invierno,1,False,False,False,False
2025-01-30,mañana,5,3,Thursday,False,1,2025,5,1,266,entre_semana,invierno,0,False,False,False,False
2025-01-30,tarde,4,3,Thursday,False,1,2025,5,1,266,entre_semana,invierno,1,False,False,False,False
2025-01-31,mañana,4,4,Friday,False,1,2025,5,1,267,viernes,invierno,0,False,False,False,False
2025-01-31,tarde,10,4,Friday,False,1,2025,5,1,267,viernes,invierno,1,False,False,False,False
2025-02-01,mañana,6,5,Saturday,True,2,2025,5,1,268,fin_de_semana,invierno,0,False,False,False,False
2025-02-01,tarde,11,5,Saturday,True,2,2025,5,1,268,fin_de_semana,invierno,1,False,False,False,False
2025-02-02,mañana,4,6,Sunday,True,2,2025,5,1,269,fin_de_semana,invierno,0,False,False,False,False
2025-02-02,tarde,6,6,Sunday,True,2,2025,5,1,269,fin_de_semana,invierno,1,False,False,False,False
2025-02-03,mañana,2,0,Monday,False,2,2025,6,1,270,entre_semana,invierno,0,False,False,False,False
2025-02-03,tarde,2,0,Monday,False,2,2025,6,1,270,entre_semana,invierno,1,False,False,False,False
2025-02-04,mañana,3,1,Tuesday,False,2,2025,6,1,271,entre_semana,invierno,0,False,False,False,False
2025-02-04,tarde,3,1,Tuesday,False,2,2025,6,1,271,entre_semana,invierno,1,False,False,False,False
2025-02-05,mañana,1,2,Wednesday,False,2,2025,6,1,272,entre_semana,invierno,0,False,False,False,False
2025-02-05,tarde,3,2,Wednesday,False,2,2025,6,1,272,entre_semana,invierno,1,False,False,False,False
2025-02-06,mañana,0,3,Thursday,False,2,2025,6,1,273,entre_semana,invierno,0,False,False,False,False
2025-02-06,tarde,4,3,Thursday,False,2,2025,6,1,273,entre_semana,invierno,1,False,False,False,False
2025-02-07,mañana,3,4,Friday,False,2,2025,6,1,274,viernes,invierno,0,False,False,False,False
2025-02-07,tarde,6,4,Friday,False,2,2025,6,1,274,viernes,invierno,1,False,False,False,False
2025-02-08,mañana,4,5,Saturday,True,2,2025,6,1,275,fin_de_semana,invierno,0,False,False,False,False
2025-02-08,tarde,13,5,Saturday,True,2,2025,6,1,275,fin_de_semana,invierno,1,False,False,False,False
2025-02-09,mañana,6,6,Sunday,True,2,2025,6,1,276,fin_de_semana,invierno,0,False,False,False,False
2025-02-09,tarde,8,6,Sunday,True,2,2025,6,1,276,fin_de_semana,invierno,1,False,False,False,False
2025-02-10,mañana,2,0,Monday,False,2,2025,7,1,277,entre_semana,invierno,0,False,False,False,False
2025-02-10,tarde,2,0,Monday,False,2,2025,7,1,277,entre_semana,invierno,1,False,False,False,False
2025-02-11,mañana,1,1,Tuesday,False,2,2025,7,1,278,entre_semana,invierno,0,False,False,False,False
2025-02-11,tarde,5,1,Tuesday,False,2,2025,7,1,278,entre_semana,invierno,1,False,False,False,False
2025-02-12,mañana,4,2,Wednesday,False,2,2025,7,1,279,entre_semana,invierno,0,False,False,False,False
2025-02-12,tarde,5,2,Wednesday,False,2,2025,7,1,279,entre_semana,invierno,1,False,False,False,False
2025-02-13,mañana,3,3,Thursday,False,2,2025,7,1,280,entre_semana,invierno,0,False,False,False,False
2025-02-13,tarde,9,3,Thursday,False,2,2025,7,1,280,entre_semana,invierno,1,False,False,False,False
2025-02-14,mañana,7,4,Friday,False,2,2025,7,1,281,viernes,invierno,0,False,False,True,False
2025-02-14,tarde,15,4,Friday,False,2,2025,7,1,281,viernes,invierno,1,False,False,True,False
2025-02-15,mañana,12,5,Saturday,True,2,2025,7,1,282,fin_de_semana,invierno,0,False,False,False,False
2025-02-15,tarde,14,5,Saturday,True,2,2025,7,1,282,fin_de_semana,invierno,1,False,False,False,False
2025-02-16,mañana,6,6,Sunday,True,2,2025,7,1,283,fin_de_semana,invierno,0,False,False,False,False
2025-02-16,tarde,11,6,Sunday,True,2,2025,7,1,283,fin_de_semana,invierno,1,False,False,False,False
2025-02-17,mañana,4,0,Monday,False,2,2025,8,1,284,entre_semana,invierno,0,False,False,False,False
2025-02-17,tarde,11,0,Monday,False,2,2025,8,1,284,entre_semana,invierno,1,False,False,False,False
2025-02-18,mañana,1,1,Tuesday,False,2,2025,8,1,285,entre_semana,invierno,0,False,False,False,False
2025-02-18,tarde,5,1,Tuesday,False,2,2025,8,1,285,entre_semana,invierno,1,False,False,False,False
2025-02-19,mañana,0,2,Wednesday,False,2,2025,8,1,286,entre_semana,invierno,0,False,False,False,False
2025-02-19,tarde,2,2,Wednesday,False,2,2025,8,1,286,entre_semana,invierno,1,False,False,False,False
2025-02-20,mañana,2,3,Thursday,False,2,2025,8,1,287,entre_semana,invierno,0,False,False,False,False
2025-02-20,tarde,7,3,Thursday,False,2,2025,8,1,287,entre_semana,invierno,1,False,False,False,False
2025-02-21,mañana,2,4,Friday,False,2,2025,8,1,288,viernes,invierno,0,False,False,False,False
2025-02-21,tarde,10,4,Friday,False,2,2025,8,1,288,viernes,invierno,1,False,False,False,False
2025-02-22,mañana,9,5,Saturday,True,2,2025,8,1,289,fin_de_semana,invierno,0,False,False,False,False
2025-02-22,tarde,14,5,Saturday,True,2,2025,8,1,289,fin_de_semana,invierno,1,False,False,False,False
2025-02-23,mañana,5,6,Sunday,True,2,2025,8,1,290,fin_de_semana,invierno,0,False,False,False,False
2025-02-23,tarde,12,6,Sunday,True,2,2025,8,1,290,fin_de_semana,invierno,1,False,False,False,False
2025-02-24,mañana,2,0,Monday,False,2,2025,9,1,291,entre_semana,invierno,0,False,False,False,False
2025-02-24,tarde,7,0,Monday,False,2,2025,9,1,291,entre_semana,invierno,1,False,False,False,False
2025-02-25,mañana,3,1,Tuesday,False,2,2025,9,1,292,entre_semana,invierno,0,False,False,False,False
2025-02-25,tarde,8,1,Tuesday,False,2,2025,9,1,292,entre_semana,invierno,1,False,False,False,False
2025-02-26,mañana,0,2,Wednesday,False,2,2025,9,1,293,entre_semana,invierno,0,False,False,False,False
2025-02-26,tarde,3,2,Wednesday,False,2,2025,9,1,293,entre_semana,invierno,1,False,False,False,False
2025-02-27,mañana,3,3,Thursday,False,2,2025,9,1,294,entre_semana,invierno,0,False,True,False,False
2025-02-27,tarde,7,3,Thursday,False,2,2025,9,1,294,entre_semana,invierno,1,False,True,False,False
2025-02-28,mañana,4,4,Friday,False,2,2025,9,1,295,viernes,invierno,0,True,False,False,False
2025-02-28,tarde,11,4,Friday,False,2,2025,9,1,295,viernes,invierno,1,True,False,False,False
2025-03-01,mañana,10,5,Saturday,True,3,2025,9,1,296,fin_de_semana,primavera,0,False,False,False,False
2025-03-01,tarde,10,5,Saturday,True,3,2025,9,1,296,fin_de_semana,primavera,1,False,False,False,False
2025-03-02,mañana,8,6,Sunday,True,3,2025,9,1,297,fin_de_semana,primavera,0,False,False,False,False
2025-03-02,tarde,7,6,Sunday,True,3,2025,9,1,297,fin_de_semana,primavera,1,False,False,False,False
2025-03-03,mañana,1,0,Monday,False,3,2025,10,1,298,entre_semana,primavera,0,False,False,False,False
2025-03-03,tarde,7,0,Monday,False,3,2025,10,1,298,entre_semana,primavera,1,False,False,False,False
2025-03-04,mañana,2,1,Tuesday,False,3,2025,10,1,299,entre_semana,primavera,0,False,False,False,False
2025-03-04,tarde,2,1,Tuesday,False,3,2025,10,1,299,entre_semana,primavera,1,False,False,False,False
2025-03-05,mañana,4,2,Wednesday,False,3,2025,10,1,300,entre_semana,primavera,0,False,False,False,False
2025-03-05,tarde,7,2,Wednesday,False,3,2025,10,1,300,entre_semana,primavera,1,False,False,False,False
2025-03-06,mañana,0,3,Thursday,False,3,2025,10,1,301,entre_semana,primavera,0,False,False,False,False
2025-03-06,tarde,6,3,Thursday,False,3,2025,10,1,301,entre_semana,primavera,1,False,False,False,False
2025-03-07,mañana,0,4,Friday,False,3,2025,10,1,302,viernes,primavera,0,False,False,False,False
2025-03-07,tarde,7,4,Friday,False,3,2025,10,1,302,viernes,primavera,1,False,False,False,False
2025-03-08,mañana,11,5,Saturday,True,3,2025,10,1,303,fin_de_semana,primavera,0,False,False,False,False
2025-03-08,tarde,5,5,Saturday,True,3,2025,10,1,303,fin_de_semana,primavera,1,False,False,False,False
2025-03-09,mañana,0,6,Sunday,True,3,2025,10,1,304,fin_de_semana,primavera,0,False,False,False,False
2025-03-09,tarde,0,6,Sunday,True,3,2025,10,1,304,fin_de_semana,primavera,1,False,False,False,False
2025-03-10,mañana,0,0,Monday,False,3,2025,11,1,305,entre_semana,primavera,0,False,False,False,False
2025-03-10,tarde,0,0,Monday,False,3,2025,11,1,305,entre_semana,primavera,1,False,False,False,False
2025-03-11,mañana,0,1,Tuesday,False,3,2025,11,1,306,entre_semana,primavera,0,False,False,False,False
2025-03-11,tarde,0,1,Tuesday,False,3,2025,11,1,306,entre_semana,primavera,1,False,False,False,False
2025-03-12,mañana,0,2,Wednesday,False,3,2025,11,1,307,entre_semana,primavera,0,False,False,False,False
2025-03-12,tarde,0,2,Wednesday,False,3,2025,11,1,307,entre_semana,primavera,1,False,False,False,False
2025-03-13,mañana,0,3,Thursday,False,3,2025,11,1,308,entre_semana,primavera,0,False,False,False,False
2025-03-13,tarde,0,3,Thursday,False,3,2025,11,1,308,entre_semana,primavera,1,False,False,False,False
2025-03-14,mañana,4,4,Friday,False,3,2025,11,1,309,viernes,primavera,0,False,False,False,False
2025-03-14,tarde,6,4,Friday,False,3,2025,11,1,309,viernes,primavera,1,False,False,False,False
2025-03-15,mañana,6,5,Saturday,True,3,2025,11,1,310,fin_de_semana,primavera,0,False,False,False,False
2025-03-15,tarde,12,5,Saturday,True,3,2025,11,1,310,fin_de_semana,primavera,1,False,False,False,False
2025-03-16,mañana,5,6,Sunday,True,3,2025,11,1,311,fin_de_semana,primavera,0,False,False,False,False
2025-03-16,tarde,10,6,Sunday,True,3,2025,11,1,311,fin_de_semana,primavera,1,False,False,False,False
2025-03-17,mañana,5,0,Monday,False,3,2025,12,1,312,entre_semana,primavera,0,False,False,False,False
2025-03-17,tarde,4,0,Monday,False,3,2025,12,1,312,entre_semana,primavera,1,False,False,False,False
2025-03-18,mañana,3,1,Tuesday,False,3,2025,12,1,313,entre_semana,primavera,0,False,False,False,False
2025-03-18,tarde,3,1,Tuesday,False,3,2025,12,1,313,entre_semana,primavera,1,False,False,False,False
2025-03-19,mañana,4,2,Wednesday,False,3,2025,12,1,314,entre_semana,primavera,0,False,False,False,False
2025-03-19,tarde,6,2,Wednesday,False,3,2025,12,1,314,entre_semana,primavera,1,False,False,False,False
2025-03-20,mañana,4,3,Thursday,False,3,2025,12,1,315,entre_semana,primavera,0,False,False,False,False
2025-03-20,tarde,2,3,Thursday,False,3,2025,12,1,315,entre_semana,primavera,1,False,False,False,False
2025-03-21,mañana,1,4,Friday,False,3,2025,12,1,316,viernes,primavera,0,False,False,False,False
2025-03-21,tarde,10,4,Friday,False,3,2025,12,1,316,viernes,primavera,1,False,False,False,False
2025-03-22,mañana,7,5,Saturday,True,3,2025,12,1,317,fin_de_semana,primavera,0,False,False,False,False
2025-03-22,tarde,8,5,Saturday,True,3,2025,12,1,317,fin_de_semana,primavera,1,False,False,False,False
2025-03-23,mañana,6,6,Sunday,True,3,2025,12,1,318,fin_de_semana,primavera,0,False,False,False,False
2025-03-23,tarde,11,6,Sunday,True,3,2025,12,1,318,fin_de_semana,primavera,1,False,False,False,False
2025-03-24,mañana,3,0,Monday,False,3,2025,13,1,319,entre_semana,primavera,0,False,False,False,False
2025-03-24,tarde,5,0,Monday,False,3,2025,13,1,319,entre_semana,primavera,1,False,False,False,False
2025-03-25,mañana,2,1,Tuesday,False,3,2025,13,1,320,entre_semana,primavera,0,False,False,False,False
2025-03-25,tarde,4,1,Tuesday,False,3,2025,13,1,320,entre_semana,primavera,1,False,False,False,False
2025-03-26,mañana,4,2,Wednesday,False,3,2025,13,1,321,entre_semana,primavera,0,False,False,False,False
2025-03-26,tarde,5,2,Wednesday,False,3,2025,13,1,321,entre_semana,primavera,1,False,False,False,False
2025-03-27,mañana,0,3,Thursday,False,3,2025,13,1,322,entre_semana,primavera,0,False,False,False,False
2025-03-27,tarde,1,3,Thursday,False,3,2025,13,1,322,entre_semana,primavera,1,False,False,False,False
2025-03-28,mañana,2,4,Friday,False,3,2025,13,1,323,viernes,primavera,0,False,False,False,False
2025-03-28,tarde,7,4,Friday,False,3,2025,13,1,323,viernes,primavera,1,False,False,False,False
2025-03-29,mañana,7,5,Saturday,True,3,2025,13,1,324,fin_de_semana,primavera,0,False,False,False,False
2025-03-29,tarde,5,5,Saturday,True,3,2025,13,1,324,fin_de_semana,primavera,1,False,False,False,False
2025-03-30,mañana,5,6,Sunday,True,3,2025,13,1,325,fin_de_semana,primavera,0,False,False,False,False
2025-03-30,tarde,7,6,Sunday,True,3,2025,13,1,325,fin_de_semana,primavera,1,False,False,False,False
2025-03-31,mañana,2,0,Monday,False,3,2025,14,1,326,entre_semana,primavera,0,False,False,False,False
2025-03-31,tarde,5,0,Monday,False,3,2025,14,1,326,entre_semana,primavera,1,False,False,False,False
2025-04-01,mañana,2,1,Tuesday,False,4,2025,14,2,327,entre_semana,primavera,0,False,False,False,False
2025-04-01,tarde,1,1,Tuesday,False,4,2025,14,2,327,entre_semana,primavera,1,False,False,False,False
2025-04-02,mañana,1,2,Wednesday,False,4,2025,14,2,328,entre_semana,primavera,0,False,False,False,False
2025-04-02,tarde,5,2,Wednesday,False,4,2025,14,2,328,entre_semana,primavera,1,False,False,False,False
2025-04-03,mañana,1,3,Thursday,False,4,2025,14,2,329,entre_semana,primavera,0,False,False,False,False
2025-04-03,tarde,8,3,Thursday,False,4,2025,14,2,329,entre_semana,primavera,1,False,False,False,False
2025-04-04,mañana,7,4,Friday,False,4,2025,14,2,330,viernes,primavera,0,False,False,False,False
2025-04-04,tarde,8,4,Friday,False,4,2025,14,2,330,viernes,primavera,1,False,False,False,False
2025-04-05,mañana,6,5,Saturday,True,4,2025,14,2,331,fin_de_semana,primavera,0,False,False,False,False
2025-04-05,tarde,5,5,Saturday,True,4,2025,14,2,331,fin_de_semana,primavera,1,False,False,False,False
2025-04-06,mañana,4,6,Sunday,True,4,2025,14,2,332,fin_de_semana,primavera,0,False,False,False,False
2025-04-06,tarde,6,6,Sunday,True,4,2025,14,2,332,fin_de_semana,primavera,1,False,False,False,False
2025-04-07,mañana,3,0,Monday,False,4,2025,15,2,333,entre_semana,primavera,0,False,False,False,False
2025-04-07,tarde,6,0,Monday,False,4,2025,15,2,333,entre_semana,primavera,1,False,False,False,False
2025-04-08,mañana,2,1,Tuesday,False,4,2025,15,2,334,entre_semana,primavera,0,False,False,False,False
2025-04-08,tarde,3,1,Tuesday,False,4,2025,15,2,334,entre_semana,primavera,1,False,False,False,False
2025-04-09,mañana,0,2,Wednesday,False,4,2025,15,2,335,entre_semana,primavera,0,False,False,False,False
2025-04-09,tarde,5,2,Wednesday,False,4,2025,15,2,335,entre_semana,primavera,1,False,False,False,False
2025-04-10,mañana,3,3,Thursday,False,4,2025,15,2,336,entre_semana,primavera,0,False,False,False,False
2025-04-10,tarde,2,3,Thursday,False,4,2025,15,2,336,entre_semana,primavera,1,False,False,False,False
2025-04-11,mañana,3,4,Friday,False,4,2025,15,2,337,viernes,primavera,0,False,False,False,False
2025-04-11,tarde,6,4,Friday,False,4,2025,15,2,337,viernes,primavera,1,False,False,False,False
2025-04-12,mañana,6,5,Saturday,True,4,2025,15,2,338,fin_de_semana,primavera,0,False,False,False,False
2025-04-12,tarde,4,5,Saturday,True,4,2025,15,2,338,fin_de_semana,primavera,1,False,False,False,False
2025-04-13,mañana,5,6,Sunday,True,4,2025,15,2,339,fin_de_semana,primavera,0,False,False,False,False
2025-04-13,tarde,6,6,Sunday,True,4,2025,15,2,339,fin_de_semana,primavera,1,False,False,False,False
2025-04-14,mañana,3,0,Monday,False,4,2025,16,2,340,entre_semana,primavera,0,False,False,False,False
2025-04-14,tarde,4,0,Monday,False,4,2025,16,2,340,entre_semana,primavera,1,False,False,False,False
2025-04-15,mañana,1,1,Tuesday,False,4,2025,16,2,341,entre_semana,primavera,0,False,False,False,False
2025-04-15,tarde,6,1,Tuesday,False,4,2025,16,2,341,entre_semana,primavera,1,False,False,False,False
2025-04-16,mañana,2,2,Wednesday,False,4,2025,16,2,342,entre_semana,primavera,0,False,True,False,False
2025-04-16,tarde,1,2,Wednesday,False,4,2025,16,2,342,entre_semana,primavera,1,False,True,False,False
2025-04-17,mañana,3,3,Thursday,False,4,2025,16,2,343,entre_semana,primavera,0,True,True,False,False
2025-04-17,tarde,4,3,Thursday,False,4,2025,16,2,343,entre_semana,primavera,1,True,True,False,False
2025-04-18,mañana,1,4,Friday,False,4,2025,16,2,344,viernes,primavera,0,True,False,False,False
2025-04-18,tarde,4,4,Friday,False,4,2025,16,2,344,viernes,primavera,1,True,False,False,False
2025-04-19,mañana,3,5,Saturday,True,4,2025,16,2,345,fin_de_semana,primavera,0,False,False,False,False
2025-04-19,tarde,3,5,Saturday,True,4,2025,16,2,345,fin_de_semana,primavera,1,False,False,False,False
2025-04-20,mañana,3,6,Sunday,True,4,2025,16,2,346,fin_de_semana,primavera,0,False,False,False,False
2025-04-20,tarde,3,6,Sunday,True,4,2025,16,2,346,fin_de_semana,primavera,1,False,False,False,False
2025-04-21,mañana,4,0,Monday,False,4,2025,17,2,347,entre_semana,primavera,0,False,False,False,False
2025-04-21,tarde,5,0,Monday,False,4,2025,17,2,347,entre_semana,primavera,1,False,False,False,False
2025-04-22,mañana,1,1,Tuesday,False,4,2025,17,2,348,entre_semana,primavera,0,False,False,False,False
2025-04-22,tarde,8,1,Tuesday,False,4,2025,17,2,348,entre_semana,primavera,1,False,False,False,False
2025-04-23,mañana,5,2,Wednesday,False,4,2025,17,2,349,entre_semana,primavera,0,False,False,False,False
2025-04-23,tarde,3,2,Wednesday,False,4,2025,17,2,349,entre_semana,primavera,1,False,False,False,False
2025-04-24,mañana,0,3,Thursday,False,4,2025,17,2,350,entre_semana,primavera,0,False,False,False,False
2025-04-24,tarde,6,3,Thursday,False,4,2025,17,2,350,entre_semana,primavera,1,False,False,False,False
2025-04-25,mañana,4,4,Friday,False,4,2025,17,2,351,viernes,primavera,0,False,False,False,False
2025-04-25,tarde,7,4,Friday,False,4,2025,17,2,351,viernes,primavera,1,False,False,False,False
2025-04-26,mañana,5,5,Saturday,True,4,2025,17,2,352,fin_de_semana,primavera,0,False,False,False,False
2025-04-26,tarde,10,5,Saturday,True,4,2025,17,2,352,fin_de_semana,primavera,1,False,False,False,False
2025-04-27,mañana,6,6,Sunday,True,4,2025,17,2,353,fin_de_semana,primavera,0,False,False,False,False
2025-04-27,tarde,8,6,Sunday,True,4,2025,17,2,353,fin_de_semana,primavera,1,False,False,False,False
2025-04-28,mañana,1,0,Monday,False,4,2025,18,2,354,entre_semana,primavera,0,False,False,False,False
2025-04-28,tarde,0,0,Monday,False,4,2025,18,2,354,entre_semana,primavera,1,False,False,False,False
2025-04-29,mañana,0,1,Tuesday,False,4,2025,18,2,355,entre_semana,primavera,0,False,False,False,False
2025-04-29,tarde,3,1,Tuesday,False,4,2025,18,2,355,entre_semana,primavera,1,False,False,False,False
2025-04-30,mañana,1,2,Wednesday,False,4,2025,18,2,356,entre_semana,primavera,0,False,True,False,False
2025-04-30,tarde,6,2,Wednesday,False,4,2025,18,2,356,entre_semana,primavera,1,False,True,False,False
2025-05-01,mañana,7,3,Thursday,False,5,2025,18,2,357,entre_semana,primavera,0,True,False,False,False
2025-05-01,tarde,5,3,Thursday,False,5,2025,18,2,357,entre_semana,primavera,1,True,False,False,False
2025-05-02,mañana,5,4,Friday,False,5,2025,18,2,358,viernes,primavera,0,False,False,False,False
2025-05-02,tarde,11,4,Friday,False,5,2025,18,2,358,viernes,primavera,1,False,False,False,False
2025-05-03,mañana,6,5,Saturday,True,5,2025,18,2,359,fin_de_semana,primavera,0,False,False,False,False
2025-05-03,tarde,8,5,Saturday,True,5,2025,18,2,359,fin_de_semana,primavera,1,False,False,False,False
2025-05-04,mañana,4,6,Sunday,True,5,2025,18,2,360,fin_de_semana,primavera,0,False,False,True,False
2025-05-04,tarde,6,6,Sunday,True,5,2025,18,2,360,fin_de_semana,primavera,1,False,False,True,False
2025-05-05,mañana,4,0,Monday,False,5,2025,19,2,361,entre_semana,primavera,0,False,False,False,False
2025-05-05,tarde,9,0,Monday,False,5,2025,19,2,361,entre_semana,primavera,1,False,False,False,False
2025-05-06,mañana,1,1,Tuesday,False,5,2025,19,2,362,entre_semana,primavera,0,False,False,False,False
2025-05-06,tarde,1,1,Tuesday,False,5,2025,19,2,362,entre_semana,primavera,1,False,False,False,False
2025-05-07,mañana,4,2,Wednesday,False,5,2025,19,2,363,entre_semana,primavera,0,False,False,False,False
2025-05-07,tarde,6,2,Wednesday,False,5,2025,19,2,363,entre_semana,primavera,1,False,False,False,False
2025-05-08,mañana,2,3,Thursday,False,5,2025,19,2,364,entre_semana,primavera,0,False,False,False,False
2025-05-08,tarde,5,3,Thursday,False,5,2025,19,2,364,entre_semana,primavera,1,False,False,False,False
2025-05-09,mañana,2,4,Friday,False,5,2025,19,2,365,viernes,primavera,0,False,False,False,False
2025-05-09,tarde,4,4,Friday,False,5,2025,19,2,365,viernes,primavera,1,False,False,False,False
2025-05-10,mañana,7,5,Saturday,True,5,2025,19,2,366,fin_de_semana,primavera,0,False,False,False,False
2025-05-10,tarde,4,5,Saturday,True,5,2025,19,2,366,fin_de_semana,primavera,1,False,False,False,False
2025-05-11,mañana,6,6,Sunday,True,5,2025,19,2,367,fin_de_semana,primavera,0,False,False,False,False
2025-05-11,tarde,7,6,Sunday,True,5,2025,19,2,367,fin_de_semana,primavera,1,False,False,False,False
2025-05-12,mañana,0,0,Monday,False,5,2025,20,2,368,entre_semana,primavera,0,False,False,False,False
2025-05-12,tarde,8,0,Monday,False,5,2025,20,2,368,entre_semana,primavera,1,False,False,False,False
2025-05-13,mañana,2,1,Tuesday,False,5,2025,20,2,369,entre_semana,primavera,0,False,False,False,False
2025-05-13,tarde,2,1,Tuesday,False,5,2025,20,2,369,entre_semana,primavera,1,False,False,False,False
2025-05-14,mañana,2,2,Wednesday,False,5,2025,20,2,370,entre_semana,primavera,0,False,False,False,False
2025-05-14,tarde,5,2,Wednesday,False,5,2025,20,2,370,entre_semana,primavera,1,False,False,False,False
2025-05-15,mañana,3,3,Thursday,False,5,2025,20,2,371,entre_semana,primavera,0,False,False,False,False
2025-05-15,tarde,8,3,Thursday,False,5,2025,20,2,371,entre_semana,primavera,1,False,False,False,False
2025-05-16,mañana,6,4,Friday,False,5,2025,20,2,372,viernes,primavera,0,False,False,False,False
2025-05-16,tarde,11,4,Friday,False,5,2025,20,2,372,viernes,primavera,1,False,False,False,False
2025-05-17,mañana,7,5,Saturday,True,5,2025,20,2,373,fin_de_semana,primavera,0,False,False,False,False
2025-05-17,tarde,6,5,Saturday,True,5,2025,20,2,373,fin_de_semana,primavera,1,False,False,False,False
2025-05-18,mañana,8,6,Sunday,True,5,2025,20,2,374,fin_de_semana,primavera,0,False,False,False,False
2025-05-18,tarde,6,6,Sunday,True,5,2025,20,2,374,fin_de_semana,primavera,1,False,False,False,False
2025-05-19,mañana,3,0,Monday,False,5,2025,21,2,375,entre_semana,primavera,0,False,False,False,False
2025-05-19,tarde,4,0,Monday,False,5,2025,21,2,375,entre_semana,primavera,1,False,False,False,False
2025-05-20,mañana,2,1,Tuesday,False,5,2025,21,2,376,entre_semana,primavera,0,False,False,False,False
2025-05-20,tarde,4,1,Tuesday,False,5,2025,21,2,376,entre_semana,primavera,1,False,False,False,False
2025-05-21,mañana,2,2,Wednesday,False,5,2025,21,2,377,entre_semana,primavera,0,False,False,False,False
2025-05-21,tarde,2,2,Wednesday,False,5,2025,21,2,377,entre_semana,primavera,1,False,False,False,False
2025-05-22,mañana,5,3,Thursday,False,5,2025,21,2,378,entre_semana,primavera,0,False,False,False,False
2025-05-22,tarde,4,3,Thursday,False,5,2025,21,2,378,entre_semana,primavera,1,False,False,False,False
2025-05-23,mañana,3,4,Friday,False,5,2025,21,2,379,viernes,primavera,0,False,False,False,False
2025-05-23,tarde,8,4,Friday,False,5,2025,21,2,379,viernes,primavera,1,False,False,False,False
2025-05-24,mañana,5,5,Saturday,True,5,2025,21,2,380,fin_de_semana,primavera,0,False,False,False,False
2025-05-24,tarde,6,5,Saturday,True,5,2025,21,2,380,fin_de_semana,primavera,1,False,False,False,False
2025-05-25,mañana,1,6,Sunday,True,5,2025,21,2,381,fin_de_semana,primavera,0,False,False,False,False
2025-05-25,tarde,4,6,Sunday,True,5,2025,21,2,381,fin_de_semana,primavera,1,False,False,False,False
2025-05-26,mañana,1,0,Monday,False,5,2025,22,2,382,entre_semana,primavera,0,False,False,False,False
2025-05-26,tarde,5,0,Monday,False,5,2025,22,2,382,entre_semana,primavera,1,False,False,False,False
2025-05-27,mañana,3,1,Tuesday,False,5,2025,22,2,383,entre_semana,primavera,0,False,False,False,False
2025-05-27,tarde,6,1,Tuesday,False,5,2025,22,2,383,entre_semana,primavera,1,False,False,False,False
2025-05-28,mañana,2,2,Wednesday,False,5,2025,22,2,384,entre_semana,primavera,0,False,False,False,False
2025-05-28,tarde,5,2,Wednesday,False,5,2025,22,2,384,entre_semana,primavera,1,False,False,False,False
2025-05-29,mañana,2,3,Thursday,False,5,2025,22,2,385,entre_semana,primavera,0,False,False,False,False
2025-05-29,tarde,4,3,Thursday,False,5,2025,22,2,385,entre_semana,primavera,1,False,False,False,False
2025-05-30,mañana,1,4,Friday,False,5,2025,22,2,386,viernes,primavera,0,False,False,False,False
2025-05-30,tarde,11,4,Friday,False,5,2025,22,2,386,viernes,primavera,1,False,False,False,False
2025-05-31,mañana,6,5,Saturday,True,5,2025,22,2,387,fin_de_semana,primavera,0,False,False,False,False
2025-05-31,tarde,6,5,Saturday,True,5,2025,22,2,387,fin_de_semana,primavera,1,False,False,False,False
2025-06-01,mañana,5,6,Sunday,True,6,2025,22,2,388,fin_de_semana,verano,0,False,False,False,False
2025-06-01,tarde,4,6,Sunday,True,6,2025,22,2,388,fin_de_semana,verano,1,False,False,False,False
2025-06-02,mañana,0,0,Monday,False,6,2025,23,2,389,entre_semana,verano,0,False,False,False,False
2025-06-02,tarde,3,0,Monday,False,6,2025,23,2,389,entre_semana,verano,1,False,False,False,False
2025-06-03,mañana,1,1,Tuesday,False,6,2025,23,2,390,entre_semana,verano,0,False,False,False,False
2025-06-03,tarde,2,1,Tuesday,False,6,2025,23,2,390,entre_semana,verano,1,False,False,False,False
2025-06-04,mañana,1,2,Wednesday,False,6,2025,23,2,391,entre_semana,verano,0,False,False,False,False
2025-06-04,tarde,2,2,Wednesday,False,6,2025,23,2,391,entre_semana,verano,1,False,False,False,False
2025-06-05,mañana,4,3,Thursday,False,6,2025,23,2,392,entre_semana,verano,0,False,False,False,False
2025-06-05,tarde,3,3,Thursday,False,6,2025,23,2,392,entre_semana,verano,1,False,False,False,False
2025-06-06,mañana,6,4,Friday,False,6,2025,23,2,393,viernes,verano,0,False,False,False,False
2025-06-06,tarde,7,4,Friday,False,6,2025,23,2,393,viernes,verano,1,False,False,False,False
2025-06-07,mañana,4,5,Saturday,True,6,2025,23,2,394,fin_de_semana,verano,0,False,False,False,False
2025-06-07,tarde,4,5,Saturday,True,6,2025,23,2,394,fin_de_semana,verano,1,False,False,False,False
2025-06-08,mañana,6,6,Sunday,True,6,2025,23,2,395,fin_de_semana,verano,0,False,False,False,False
2025-06-08,tarde,6,6,Sunday,True,6,2025,23,2,395,fin_de_semana,verano,1,False,False,False,False
2025-06-09,mañana,4,0,Monday,False,6,2025,24,2,396,entre_semana,verano,0,False,False,False,False
2025-06-09,tarde,2,0,Monday,False,6,2025,24,2,396,entre_semana,verano,1,False,False,False,False
2025-06-10,mañana,3,1,Tuesday,False,6,2025,24,2,397,entre_semana,verano,0,False,False,False,False
2025-06-10,tarde,5,1,Tuesday,False,6,2025,24,2,397,entre_semana,verano,1,False,False,False,False
2025-06-11,mañana,2,2,Wednesday,False,6,2025,24,2,398,entre_semana,verano,0,False,False,False,False
2025-06-11,tarde,5,2,Wednesday,False,6,2025,24,2,398,entre_semana,verano,1,False,False,False,False
2025-06-12,mañana,4,3,Thursday,False,6,2025,24,2,399,entre_semana,verano,0,False,False,False,False
2025-06-12,tarde,4,3,Thursday,False,6,2025,24,2,399,entre_semana,verano,1,False,False,False,False
2025-06-13,mañana,2,4,Friday,False,6,2025,24,2,400,viernes,verano,0,False,False,False,False
2025-06-13,tarde,6,4,Friday,False,6,2025,24,2,400,viernes,verano,1,False,False,False,False
2025-06-14,mañana,6,5,Saturday,True,6,2025,24,2,401,fin_de_semana,verano,0,False,False,False,False
2025-06-14,tarde,6,5,Saturday,True,6,2025,24,2,401,fin_de_semana,verano,1,False,False,False,False
2025-06-15,mañana,3,6,Sunday,True,6,2025,24,2,402,fin_de_semana,verano,0,False,False,False,False
2025-06-15,tarde,6,6,Sunday,True,6,2025,24,2,402,fin_de_semana,verano,1,False,False,False,False
2025-06-16,mañana,3,0,Monday,False,6,2025,25,2,403,entre_semana,verano,0,False,False,False,False
2025-06-16,tarde,6,0,Monday,False,6,2025,25,2,403,entre_semana,verano,1,False,False,False,False
2025-06-17,mañana,0,1,Tuesday,False,6,2025,25,2,404,entre_semana,verano,0,False,False,False,False
2025-06-17,tarde,4,1,Tuesday,False,6,2025,25,2,404,entre_semana,verano,1,False,False,False,False
2025-06-18,mañana,2,2,Wednesday,False,6,2025,25,2,405,entre_semana,verano,0,False,False,False,False
2025-06-18,tarde,4,2,Wednesday,False,6,2025,25,2,405,entre_semana,verano,1,False,False,False,False
2025-06-19,mañana,3,3,Thursday,False,6,2025,25,2,406,entre_semana,verano,0,False,False,False,False
2025-06-19,tarde,5,3,Thursday,False,6,2025,25,2,406,entre_semana,verano,1,False,False,False,False
2025-06-20,mañana,3,4,Friday,False,6,2025,25,2,407,viernes,verano,0,False,False,False,False
2025-06-20,tarde,6,4,Friday,False,6,2025,25,2,407,viernes,verano,1,False,False,False,False
2025-06-21,mañana,3,5,Saturday,True,6,2025,25,2,408,fin_de_semana,verano,0,False,False,False,False
2025-06-21,tarde,7,5,Saturday,True,6,2025,25,2,408,fin_de_semana,verano,1,False,False,False,False
2025-06-22,mañana,3,6,Sunday,True,6,2025,25,2,409,fin_de_semana,verano,0,False,False,False,False
2025-06-22,tarde,5,6,Sunday,True,6,2025,25,2,409,fin_de_semana,verano,1,False,False,False,False
2025-06-23,mañana,2,0,Monday,False,6,2025,26,2,410,entre_semana,verano,0,False,False,False,False
2025-06-23,tarde,5,0,Monday,False,6,2025,26,2,410,entre_semana,verano,1,False,False,False,False
2025-06-24,mañana,1,1,Tuesday,False,6,2025,26,2,411,entre_semana,verano,0,False,False,False,False
2025-06-24,tarde,7,1,Tuesday,False,6,2025,26,2,411,entre_semana,verano,1,False,False,False,False
2025-06-25,mañana,0,2,Wednesday,False,6,2025,26,2,412,entre_semana,verano,0,False,False,False,False
2025-06-25,tarde,8,2,Wednesday,False,6,2025,26,2,412,entre_semana,verano,1,False,False,False,False
2025-06-26,mañana,3,3,Thursday,False,6,2025,26,2,413,entre_semana,verano,0,False,False,False,False
2025-06-26,tarde,4,3,Thursday,False,6,2025,26,2,413,entre_semana,verano,1,False,False,False,False
2025-06-27,mañana,4,4,Friday,False,6,2025,26,2,414,viernes,verano,0,False,False,False,False
2025-06-27,tarde,5,4,Friday,False,6,2025,26,2,414,viernes,verano,1,False,False,False,False
2025-06-28,mañana,7,5,Saturday,True,6,2025,26,2,415,fin_de_semana,verano,0,False,False,False,False
2025-06-28,tarde,7,5,Saturday,True,6,2025,26,2,415,fin_de_semana,verano,1,False,False,False,False
2025-06-29,mañana,4,6,Sunday,True,6,2025,26,2,416,fin_de_semana,verano,0,False,False,False,False
2025-06-29,tarde,2,6,Sunday,True,6,2025,26,2,416,fin_de_semana,verano,1,False,False,False,False
2025-06-30,mañana,3,0,Monday,False,6,2025,27,2,417,entre_semana,verano,0,False,False,False,False
2025-06-30,tarde,3,0,Monday,False,6,2025,27,2,417,entre_semana,verano,1,False,False,False,False
2025-07-01,mañana,2,1,Tuesday,False,7,2025,27,3,418,entre_semana,verano,0,False,False,False,False
2025-07-01,tarde,4,1,Tuesday,False,7,2025,27,3,418,entre_semana,verano,1,False,False,False,False
2025-07-02,mañana,2,2,Wednesday,False,7,2025,27,3,419,entre_semana,verano,0,False,False,False,False
2025-07-02,tarde,5,2,Wednesday,False,7,2025,27,3,419,entre_semana,verano,1,False,False,False,False
2025-07-03,mañana,2,3,Thursday,False,7,2025,27,3,420,entre_semana,verano,0,False,False,False,False
2025-07-03,tarde,5,3,Thursday,False,7,2025,27,3,420,entre_semana,verano,1,False,False,False,False
2025-07-04,mañana,3,4,Friday,False,7,2025,27,3,421,viernes,verano,0,False,False,False,False
2025-07-04,tarde,4,4,Friday,False,7,2025,27,3,421,viernes,verano,1,False,False,False,False
2025-07-05,mañana,4,5,Saturday,True,7,2025,27,3,422,fin_de_semana,verano,0,False,False,False,False
2025-07-05,tarde,6,5,Saturday,True,7,2025,27,3,422,fin_de_semana,verano,1,False,False,False,False
2025-07-06,mañana,7,6,Sunday,True,7,2025,27,3,423,fin_de_semana,verano,0,False,False,False,False
2025-07-06,tarde,6,6,Sunday,True,7,2025,27,3,423,fin_de_semana,verano,1,False,False,False,False
2025-07-07,mañana,2,0,Monday,False,7,2025,28,3,424,entre_semana,verano,0,False,False,False,False
2025-07-07,tarde,5,0,Monday,False,7,2025,28,3,424,entre_semana,verano,1,False,False,False,False
2025-07-08,mañana,1,1,Tuesday,False,7,2025,28,3,425,entre_semana,verano,0,False,False,False,False
2025-07-08,tarde,6,1,Tuesday,False,7,2025,28,3,425,entre_semana,verano,1,False,False,False,False
2025-07-09,mañana,0,2,Wednesday,False,7,2025,28,3,426,entre_semana,verano,0,False,False,False,False
2025-07-09,tarde,4,2,Wednesday,False,7,2025,28,3,426,entre_semana,verano,1,False,False,False,False
2025-07-10,mañana,0,3,Thursday,False,7,2025,28,3,427,entre_semana,verano,0,False,False,False,False
2025-07-10,tarde,4,3,Thursday,False,7,2025,28,3,427,entre_semana,verano,1,False,False,False,False
2025-07-11,mañana,1,4,Friday,False,7,2025,28,3,428,viernes,verano,0,False,False,False,False
2025-07-11,tarde,5,4,Friday,False,7,2025,28,3,428,viernes,verano,1,False,False,False,False
2025-07-12,mañana,3,5,Saturday,True,7,2025,28,3,429,fin_de_semana,verano,0,False,False,False,False
2025-07-12,tarde,6,5,Saturday,True,7,2025,28,3,429,fin_de_semana,verano,1,False,False,False,False
2025-07-13,mañana,3,6,Sunday,True,7,2025,28,3,430,fin_de_semana,verano,0,False,False,False,False
2025-07-13,tarde,4,6,Sunday,True,7,2025,28,3,430,fin_de_semana,verano,1,False,False,False,False
2025-07-14,mañana,0,0,Monday,False,7,2025,29,3,431,entre_semana,verano,0,False,False,False,False
2025-07-14,tarde,4,0,Monday,False,7,2025,29,3,431,entre_semana,verano,1,False,False,False,False
2025-07-15,mañana,0,1,Tuesday,False,7,2025,29,3,432,entre_semana,verano,0,False,False,False,False
2025-07-15,tarde,2,1,Tuesday,False,7,2025,29,3,432,entre_semana,verano,1,False,False,False,False
2025-07-16,mañana,2,2,Wednesday,False,7,2025,29,3,433,entre_semana,verano,0,False,False,False,False
2025-07-16,tarde,4,2,Wednesday,False,7,2025,29,3,433,entre_semana,verano,1,False,False,False,False
2025-07-17,mañana,2,3,Thursday,False,7,2025,29,3,434,entre_semana,verano,0,False,False,False,False
2025-07-17,tarde,5,3,Thursday,False,7,2025,29,3,434,entre_semana,verano,1,False,False,False,False
2025-07-18,mañana,2,4,Friday,False,7,2025,29,3,435,viernes,verano,0,False,False,False,False
2025-07-18,tarde,6,4,Friday,False,7,2025,29,3,435,viernes,verano,1,False,False,False,False
2025-07-19,mañana,3,5,Saturday,True,7,2025,29,3,436,fin_de_semana,verano,0,False,False,False,False
2025-07-19,tarde,7,5,Saturday,True,7,2025,29,3,436,fin_de_semana,verano,1,False,False,False,False
2025-07-20,mañana,5,6,Sunday,True,7,2025,29,3,437,fin_de_semana,verano,0,False,False,False,False
2025-07-20,tarde,5,6,Sunday,True,7,2025,29,3,437,fin_de_semana,verano,1,False,False,False,False
2025-07-21,mañana,1,0,Monday,False,7,2025,30,3,438,entre_semana,verano,0,False,False,False,False
2025-07-21,tarde,5,0,Monday,False,7,2025,30,3,438,entre_semana,verano,1,False,False,False,False
2025-07-22,mañana,1,1,Tuesday,False,7,2025,30,3,439,entre_semana,verano,0,False,False,False,False
2025-07-22,tarde,3,1,Tuesday,False,7,2025,30,3,439,entre_semana,verano,1,False,False,False,False
2025-07-23,mañana,0,2,Wednesday,False,7,2025,30,3,440,entre_semana,verano,0,False,False,False,False
2025-07-23,tarde,3,2,Wednesday,False,7,2025,30,3,440,entre_semana,verano,1,False,False,False,False
2025-07-24,mañana,1,3,Thursday,False,7,2025,30,3,441,entre_semana,verano,0,False,False,False,False
2025-07-24,tarde,6,3,Thursday,False,7,2025,30,3,441,entre_semana,verano,1,False,False,False,False
2025-07-25,mañana,2,4,Friday,False,7,2025,30,3,442,viernes,verano,0,False,False,False,False
2025-07-25,tarde,6,4,Friday,False,7,2025,30,3,442,viernes,verano,1,False,False,False,False
2025-07-26,mañana,6,5,Saturday,True,7,2025,30,3,443,fin_de_semana,verano,0,False,False,False,False
2025-07-26,tarde,8,5,Saturday,True,7,2025,30,3,443,fin_de_semana,verano,1,False,False,False,False
2025-07-27,mañana,4,6,Sunday,True,7,2025,30,3,444,fin_de_semana,verano,0,False,False,False,False
2025-07-27,tarde,6,6,Sunday,True,7,2025,30,3,444,fin_de_semana,verano,1,False,False,False,False
2025-07-28,mañana,2,0,Monday,False,7,2025,31,3,445,entre_semana,verano,0,False,False,False,False
2025-07-28,tarde,7,0,Monday,False,7,2025,31,3,445,entre_semana,verano,1,False,False,False,False
2025-07-29,mañana,1,1,Tuesday,False,7,2025,31,3,446,entre_semana,verano,0,False,False,False,False
2025-07-29,tarde,2,1,Tuesday,False,7,2025,31,3,446,entre_semana,verano,1,False,False,False,False
2025-07-30,mañana,3,2,Wednesday,False,7,2025,31,3,447,entre_semana,verano,0,False,False,False,False
2025-07-30,tarde,2,2,Wednesday,False,7,2025,31,3,447,entre_semana,verano,1,False,False,False,False
2025-07-31,mañana,2,3,Thursday,False,7,2025,31,3,448,entre_semana,verano,0,False,False,False,False
2025-07-31,tarde,3,3,Thursday,False,7,2025,31,3,448,entre_semana,verano,1,False,False,False,False
2025-08-01,mañana,3,4,Friday,False,8,2025,31,3,449,viernes,verano,0,False,False,False,False
2025-08-01,tarde,4,4,Friday,False,8,2025,31,3,449,viernes,verano,1,False,False,False,False
2025-08-02,mañana,3,5,Saturday,True,8,2025,31,3,450,fin_de_semana,verano,0,False,False,False,False
2025-08-02,tarde,6,5,Saturday,True,8,2025,31,3,450,fin_de_semana,verano,1,False,False,False,False
2025-08-03,mañana,3,6,Sunday,True,8,2025,31,3,451,fin_de_semana,verano,0,False,False,False,False
2025-08-03,tarde,6,6,Sunday,True,8,2025,31,3,451,fin_de_semana,verano,1,False,False,False,False
2025-08-04,mañana,0,0,Monday,False,8,2025,32,3,452,entre_semana,verano,0,False,False,False,False
2025-08-04,tarde,3,0,Monday,False,8,2025,32,3,452,entre_semana,verano,1,False,False,False,False
2025-08-05,mañana,1,1,Tuesday,False,8,2025,32,3,453,entre_semana,verano,0,False,False,False,False
2025-08-05,tarde,3,1,Tuesday,False,8,2025,32,3,453,entre_semana,verano,1,False,False,False,False
2025-08-06,mañana,2,2,Wednesday,False,8,2025,32,3,454,entre_semana,verano,0,False,False,False,False
2025-08-06,tarde,7,2,Wednesday,False,8,2025,32,3,454,entre_semana,verano,1,False,False,False,False
2025-08-07,mañana,0,3,Thursday,False,8,2025,32,3,455,entre_semana,verano,0,False,False,False,False
2025-08-07,tarde,3,3,Thursday,False,8,2025,32,3,455,entre_semana,verano,1,False,False,False,False
2025-08-08,mañana,4,4,Friday,False,8,2025,32,3,456,viernes,verano,0,False,False,False,False
2025-08-08,tarde,4,4,Friday,False,8,2025,32,3,456,viernes,verano,1,False,False,False,False
2025-08-09,mañana,6,5,Saturday,True,8,2025,32,3,457,fin_de_semana,verano,0,False,False,False,False
2025-08-09,tarde,6,5,Saturday,True,8,2025,32,3,457,fin_de_semana,verano,1,False,False,False,False
2025-08-10,mañana,5,6,Sunday,True,8,2025,32,3,458,fin_de_semana,verano,0,False,False,False,False
2025-08-10,tarde,5,6,Sunday,True,8,2025,32,3,458,fin_de_semana,verano,1,False,False,False,False
2025-08-11,mañana,2,0,Monday,False,8,2025,33,3,459,entre_semana,verano,0,False,False,False,False
2025-08-11,tarde,3,0,Monday,False,8,2025,33,3,459,entre_semana,verano,1,False,False,False,False
2025-08-12,mañana,3,1,Tuesday,False,8,2025,33,3,460,entre_semana,verano,0,False,False,False,False
2025-08-12,tarde,3,1,Tuesday,False,8,2025,33,3,460,entre_semana,verano,1,False,False,False,False
2025-08-13,mañana,0,2,Wednesday,False,8,2025,33,3,461,entre_semana,verano,0,False,False,False,False
2025-08-13,tarde,6,2,Wednesday,False,8,2025,33,3,461,entre_semana,verano,1,False,False,False,False
2025-08-14,mañana,2,3,Thursday,False,8,2025,33,3,462,entre_semana,verano,0,False,True,False,False
2025-08-14,tarde,5,3,Thursday,False,8,2025,33,3,462,entre_semana,verano,1,False,True,False,False
2025-08-15,mañana,2,4,Friday,False,8,2025,33,3,463,viernes,verano,0,True,False,False,False
2025-08-15,tarde,5,4,Friday,False,8,2025,33,3,463,viernes,verano,1,True,False,False,False
2025-08-16,mañana,6,5,Saturday,True,8,2025,33,3,464,fin_de_semana,verano,0,False,False,False,False
2025-08-16,tarde,5,5,Saturday,True,8,2025,33,3,464,fin_de_semana,verano,1,False,False,False,False
2025-08-17,mañana,0,6,Sunday,True,8,2025,33,3,465,fin_de_semana,verano,0,False,False,False,False
2025-08-17,tarde,3,6,Sunday,True,8,2025,33,3,465,fin_de_semana,verano,1,False,False,False,False
2025-08-18,mañana,3,0,Monday,False,8,2025,34,3,466,entre_semana,verano,0,False,False,False,False
2025-08-18,tarde,5,0,Monday,False,8,2025,34,3,466,entre_semana,verano,1,False,False,False,False
2025-08-19,mañana,1,1,Tuesday,False,8,2025,34,3,467,entre_semana,verano,0,False,False,False,False
2025-08-19,tarde,4,1,Tuesday,False,8,2025,34,3,467,entre_semana,verano,1,False,False,False,False
2025-08-20,mañana,1,2,Wednesday,False,8,2025,34,3,468,entre_semana,verano,0,False,False,False,False
2025-08-20,tarde,5,2,Wednesday,False,8,2025,34,3,468,entre_semana,verano,1,False,False,False,False
2025-08-21,mañana,2,3,Thursday,False,8,2025,34,3,469,entre_semana,verano,0,False,False,False,False
2025-08-21,tarde,3,3,Thursday,False,8,2025,34,3,469,entre_semana,verano,1,False,False,False,False
2025-08-22,mañana,0,4,Friday,False,8,2025,34,3,470,viernes,verano,0,False,False,False,False
2025-08-22,tarde,5,4,Friday,False,8,2025,34,3,470,viernes,verano,1,False,False,False,False
2025-08-23,mañana,4,5,Saturday,True,8,2025,34,3,471,fin_de_semana,verano,0,False,False,False,False
2025-08-23,tarde,5,5,Saturday,True,8,2025,34,3,471,fin_de_semana,verano,1,False,False,False,False
2025-08-24,mañana,5,6,Sunday,True,8,2025,34,3,472,fin_de_semana,verano,0,False,False,False,False
2025-08-24,tarde,5,6,Sunday,True,8,2025,34,3,472,fin_de_semana,verano,1,False,False,False,False
2025-08-25,mañana,1,0,Monday,False,8,2025,35,3,473,entre_semana,verano,0,False,False,False,False
2025-08-25,tarde,4,0,Monday,False,8,2025,35,3,473,entre_semana,verano,1,False,False,False,False
2025-08-26,mañana,0,1,Tuesday,False,8,2025,35,3,474,entre_semana,verano,0,False,False,False,False
2025-08-26,tarde,2,1,Tuesday,False,8,2025,35,3,474,entre_semana,verano,1,False,False,False,False
2025-08-27,mañana,3,2,Wednesday,False,8,2025,35,3,475,entre_semana,verano,0,False,False,False,False
2025-08-27,tarde,2,2,Wednesday,False,8,2025,35,3,475,entre_semana,verano,1,False,False,False,False
2025-08-28,mañana,4,3,Thursday,False,8,2025,35,3,476,entre_semana,verano,0,False,False,False,False
2025-08-28,tarde,4,3,Thursday,False,8,2025,35,3,476,entre_semana,verano,1,False,False,False,False
2025-08-29,mañana,1,4,Friday,False,8,2025,35,3,477,viernes,verano,0,False,False,False,False
2025-08-29,tarde,3,4,Friday,False,8,2025,35,3,477,viernes,verano,1,False,False,False,False
2025-08-30,mañana,4,5,Saturday,True,8,2025,35,3,478,fin_de_semana,verano,0,False,False,False,False
2025-08-30,tarde,8,5,Saturday,True,8,2025,35,3,478,fin_de_semana,verano,1,False,False,False,False
2025-08-31,mañana,6,6,Sunday,True,8,2025,35,3,479,fin_de_semana,verano,0,False,False,False,False
2025-08-31,tarde,4,6,Sunday,True,8,2025,35,3,479,fin_de_semana,verano,1,False,False,False,False
2025-09-01,mañana,1,0,Monday,False,9,2025,36,3,480,entre_semana,otoño,0,False,False,False,False
2025-09-01,tarde,2,0,Monday,False,9,2025,36,3,480,entre_semana,otoño,1,False,False,False,False
2025-09-02,mañana,2,1,Tuesday,False,9,2025,36,3,481,entre_semana,otoño,0,False,False,False,False
2025-09-02,tarde,2,1,Tuesday,False,9,2025,36,3,481,entre_semana,otoño,1,False,False,False,False
2025-09-03,mañana,0,2,Wednesday,False,9,2025,36,3,482,entre_semana,otoño,0,False,False,False,False
2025-09-03,tarde,3,2,Wednesday,False,9,2025,36,3,482,entre_semana,otoño,1,False,False,False,False
2025-09-04,mañana,1,3,Thursday,False,9,2025,36,3,483,entre_semana,otoño,0,False,False,False,False
2025-09-04,tarde,4,3,Thursday,False,9,2025,36,3,483,entre_semana,otoño,1,False,False,False,False
2025-09-05,mañana,3,4,Friday,False,9,2025,36,3,484,viernes,otoño,0,False,False,False,False
2025-09-05,tarde,4,4,Friday,False,9,2025,36,3,484,viernes,otoño,1,False,False,False,False
2025-09-06,mañana,6,5,Saturday,True,9,2025,36,3,485,fin_de_semana,otoño,0,False,False,False,False
2025-09-06,tarde,6,5,Saturday,True,9,2025,36,3,485,fin_de_semana,otoño,1,False,False,False,False
2025-09-07,mañana,7,6,Sunday,True,9,2025,36,3,486,fin_de_semana,otoño,0,False,False,False,False
2025-09-07,tarde,9,6,Sunday,True,9,2025,36,3,486,fin_de_semana,otoño,1,False,False,False,False
2025-09-08,mañana,1,0,Monday,False,9,2025,37,3,487,entre_semana,otoño,0,False,False,False,False
2025-09-08,tarde,0,0,Monday,False,9,2025,37,3,487,entre_semana,otoño,1,False,False,False,False
2025-09-09,mañana,3,1,Tuesday,False,9,2025,37,3,488,entre_semana,otoño,0,False,False,False,False
2025-09-09,tarde,3,1,Tuesday,False,9,2025,37,3,488,entre_semana,otoño,1,False,False,False,False
2025-09-10,mañana,1,2,Wednesday,False,9,2025,37,3,489,entre_semana,otoño,0,False,False,False,False
2025-09-10,tarde,4,2,Wednesday,False,9,2025,37,3,489,entre_semana,otoño,1,False,False,False,False
2025-09-11,mañana,2,3,Thursday,False,9,2025,37,3,490,entre_semana,otoño,0,False,False,False,False
2025-09-11,tarde,4,3,Thursday,False,9,2025,37,3,490,entre_semana,otoño,1,False,False,False,False
2025-09-12,mañana,2,4,Friday,False,9,2025,37,3,491,viernes,otoño,0,False,False,False,False
2025-09-12,tarde,7,4,Friday,False,9,2025,37,3,491,viernes,otoño,1,False,False,False,False
2025-09-13,mañana,8,5,Saturday,True,9,2025,37,3,492,fin_de_semana,otoño,0,False,False,False,False
2025-09-13,tarde,10,5,Saturday,True,9,2025,37,3,492,fin_de_semana,otoño,1,False,False,False,False
2025-09-14,mañana,8,6,Sunday,True,9,2025,37,3,493,fin_de_semana,otoño,0,False,False,False,False
2025-09-14,tarde,4,6,Sunday,True,9,2025,37,3,493,fin_de_semana,otoño,1,False,False,False,False
2025-09-15,mañana,0,0,Monday,False,9,2025,38,3,494,entre_semana,otoño,0,False,False,False,False
2025-09-15,tarde,5,0,Monday,False,9,2025,38,3,494,entre_semana,otoño,1,False,False,False,False
2025-09-16,mañana,7,1,Tuesday,False,9,2025,38,3,495,entre_semana,otoño,0,False,False,False,False
2025-09-16,tarde,2,1,Tuesday,False,9,2025,38,3,495,entre_semana,otoño,1,False,False,False,False
2025-09-17,mañana,2,2,Wednesday,False,9,2025,38,3,496,entre_semana,otoño,0,False,False,False,False
2025-09-17,tarde,6,2,Wednesday,False,9,2025,38,3,496,entre_semana,otoño,1,False,False,False,False
2025-09-18,mañana,2,3,Thursday,False,9,2025,38,3,497,entre_semana,otoño,0,False,False,False,False
2025-09-18,tarde,4,3,Thursday,False,9,2025,38,3,497,entre_semana,otoño,1,False,False,False,False
2025-09-19,mañana,3,4,Friday,False,9,2025,38,3,498,viernes,otoño,0,False,False,False,False
2025-09-19,tarde,7,4,Friday,False,9,2025,38,3,498,viernes,otoño,1,False,False,False,False
2025-09-20,mañana,7,5,Saturday,True,9,2025,38,3,499,fin_de_semana,otoño,0,False,False,False,False
2025-09-20,tarde,7,5,Saturday,True,9,2025,38,3,499,fin_de_semana,otoño,1,False,False,False,False
2025-09-21,mañana,8,6,Sunday,True,9,2025,38,3,500,fin_de_semana,otoño,0,False,False,False,False
2025-09-21,tarde,10,6,Sunday,True,9,2025,38,3,500,fin_de_semana,otoño,1,False,False,False,False
2025-09-22,mañana,1,0,Monday,False,9,2025,39,3,501,entre_semana,otoño,0,False,False,False,False
2025-09-22,tarde,2,0,Monday,False,9,2025,39,3,501,entre_semana,otoño,1,False,False,False,False
2025-09-23,mañana,4,1,Tuesday,False,9,2025,39,3,502,entre_semana,otoño,0,False,False,False,False
2025-09-23,tarde,5,1,Tuesday,False,9,2025,39,3,502,entre_semana,otoño,1,False,False,False,False
2025-09-24,mañana,7,2,Wednesday,False,9,2025,39,3,503,entre_semana,otoño,0,False,False,False,False
2025-09-24,tarde,4,2,Wednesday,False,9,2025,39,3,503,entre_semana,otoño,1,False,False,False,False
2025-09-25,mañana,2,3,Thursday,False,9,2025,39,3,504,entre_semana,otoño,0,False,False,False,False
2025-09-25,tarde,4,3,Thursday,False,9,2025,39,3,504,entre_semana,otoño,1,False,False,False,False
2025-09-26,mañana,0,4,Friday,False,9,2025,39,3,505,viernes,otoño,0,False,False,False,False
2025-09-26,tarde,8,4,Friday,False,9,2025,39,3,505,viernes,otoño,1,False,False,False,False
2025-09-27,mañana,9,5,Saturday,True,9,2025,39,3,506,fin_de_semana,otoño,0,False,False,False,False
2025-09-27,tarde,10,5,Saturday,True,9,2025,39,3,506,fin_de_semana,otoño,1,False,False,False,False
2025-09-28,mañana,4,6,Sunday,True,9,2025,39,3,507,fin_de_semana,otoño,0,False,False,False,False
2025-09-28,tarde,4,6,Sunday,True,9,2025,39,3,507,fin_de_semana,otoño,1,False,False,False,False
2025-09-29,mañana,3,0,Monday,False,9,2025,40,3,508,entre_semana,otoño,0,False,False,False,False
2025-09-29,tarde,4,0,Monday,False,9,2025,40,3,508,entre_semana,otoño,1,False,False,False,False
2025-09-30,mañana,1,1,Tuesday,False,9,2025,40,3,509,entre_semana,otoño,0,False,False,False,False
2025-09-30,tarde,5,1,Tuesday,False,9,2025,40,3,509,entre_semana,otoño,1,False,False,False,False
2025-10-01,mañana,4,2,Wednesday,False,10,2025,40,4,510,entre_semana,otoño,0,False,False,False,False
2025-10-01,tarde,1,2,Wednesday,False,10,2025,40,4,510,entre_semana,otoño,1,False,False,False,False
2025-10-02,mañana,2,3,Thursday,False,10,2025,40,4,511,entre_semana,otoño,0,False,False,False,False
2025-10-02,tarde,3,3,Thursday,False,10,2025,40,4,511,entre_semana,otoño,1,False,False,False,False
2025-10-03,mañana,5,4,Friday,False,10,2025,40,4,512,viernes,otoño,0,False,False,False,False
2025-10-03,tarde,5,4,Friday,False,10,2025,40,4,512,viernes,otoño,1,False,False,False,False
2025-10-04,mañana,6,5,Saturday,True,10,2025,40,4,513,fin_de_semana,otoño,0,False,False,False,False
2025-10-04,tarde,10,5,Saturday,True,10,2025,40,4,513,fin_de_semana,otoño,1,False,False,False,False
2025-10-05,mañana,4,6,Sunday,True,10,2025,40,4,514,fin_de_semana,otoño,0,False,False,False,False
2025-10-05,tarde,6,6,Sunday,True,10,2025,40,4,514,fin_de_semana,otoño,1,False,False,False,False
2025-10-06,mañana,2,0,Monday,False,10,2025,41,4,515,entre_semana,otoño,0,False,False,False,False
2025-10-06,tarde,4,0,Monday,False,10,2025,41,4,515,entre_semana,otoño,1,False,False,False,False
2025-10-07,mañana,2,1,Tuesday,False,10,2025,41,4,516,entre_semana,otoño,0,False,False,False,False
2025-10-07,tarde,2,1,Tuesday,False,10,2025,41,4,516,entre_semana,otoño,1,False,False,False,False
2025-10-08,mañana,4,2,Wednesday,False,10,2025,41,4,517,entre_semana,otoño,0,False,False,False,False
2025-10-08,tarde,6,2,Wednesday,False,10,2025,41,4,517,entre_semana,otoño,1,False,False,False,False
2025-10-09,mañana,1,3,Thursday,False,10,2025,41,4,518,entre_semana,otoño,0,False,False,False,False
2025-10-09,tarde,3,3,Thursday,False,10,2025,41,4,518,entre_semana,otoño,1,False,False,False,False
2025-10-10,mañana,2,4,Friday,False,10,2025,41,4,519,viernes,otoño,0,False,False,False,False
2025-10-10,tarde,7,4,Friday,False,10,2025,41,4,519,viernes,otoño,1,False,False,False,False
2025-10-11,mañana,8,5,Saturday,True,10,2025,41,4,520,fin_de_semana,otoño,0,False,False,False,False
2025-10-11,tarde,7,5,Saturday,True,10,2025,41,4,520,fin_de_semana,otoño,1,False,False,False,False
2025-10-12,mañana,4,6,Sunday,True,10,2025,41,4,521,fin_de_semana,otoño,0,False,True,False,False
2025-10-12,tarde,9,6,Sunday,True,10,2025,41,4,521,fin_de_semana,otoño,1,False,True,False,False
2025-10-13,mañana,7,0,Monday,False,10,2025,42,4,522,entre_semana,otoño,0,True,False,False,False
2025-10-13,tarde,5,0,Monday,False,10,2025,42,4,522,entre_semana,otoño,1,True,False,False,False
2025-10-14,mañana,2,1,Tuesday,False,10,2025,42,4,523,entre_semana,otoño,0,False,False,False,False
2025-10-14,tarde,5,1,Tuesday,False,10,2025,42,4,523,entre_semana,otoño,1,False,False,False,False
2025-10-15,mañana,3,2,Wednesday,False,10,2025,42,4,524,entre_semana,otoño,0,False,False,False,False
2025-10-15,tarde,8,2,Wednesday,False,10,2025,42,4,524,entre_semana,otoño,1,False,False,False,False
2025-10-16,mañana,2,3,Thursday,False,10,2025,42,4,525,entre_semana,otoño,0,False,False,False,False
2025-10-16,tarde,5,3,Thursday,False,10,2025,42,4,525,entre_semana,otoño,1,False,False,False,False
2025-10-17,mañana,3,4,Friday,False,10,2025,42,4,526,viernes,otoño,0,False,False,False,False
2025-10-17,tarde,9,4,Friday,False,10,2025,42,4,526,viernes,otoño,1,False,False,False,False
2025-10-18,mañana,7,5,Saturday,True,10,2025,42,4,527,fin_de_semana,otoño,0,False,False,False,False
2025-10-18,tarde,10,5,Saturday,True,10,2025,42,4,527,fin_de_semana,otoño,1,False,False,False,False
2025-10-19,mañana,4,6,Sunday,True,10,2025,42,4,528,fin_de_semana,otoño,0,False,False,False,False
2025-10-19,tarde,5,6,Sunday,True,10,2025,42,4,528,fin_de_semana,otoño,1,False,False,False,False
2025-10-20,mañana,6,0,Monday,False,10,2025,43,4,529,entre_semana,otoño,0,False,False,False,False
2025-10-20,tarde,3,0,Monday,False,10,2025,43,4,529,entre_semana,otoño,1,False,False,False,False
2025-10-21,mañana,0,1,Tuesday,False,10,2025,43,4,530,entre_semana,otoño,0,False,False,False,False
2025-10-21,tarde,7,1,Tuesday,False,10,2025,43,4,530,entre_semana,otoño,1,False,False,False,False
2025-10-22,mañana,2,2,Wednesday,False,10,2025,43,4,531,entre_semana,otoño,0,False,False,False,False
2025-10-22,tarde,3,2,Wednesday,False,10,2025,43,4,531,entre_semana,otoño,1,False,False,False,False
2025-10-23,mañana,6,3,Thursday,False,10,2025,43,4,532,entre_semana,otoño,0,False,False,False,False
2025-10-23,tarde,3,3,Thursday,False,10,2025,43,4,532,entre_semana,otoño,1,False,False,False,False
2025-10-24,mañana,2,4,Friday,False,10,2025,43,4,533,viernes,otoño,0,False,False,False,False
2025-10-24,tarde,5,4,Friday,False,10,2025,43,4,533,viernes,otoño,1,False,False,False,False
2025-10-25,mañana,5,5,Saturday,True,10,2025,43,4,534,fin_de_semana,otoño,0,False,False,False,False
2025-10-25,tarde,13,5,Saturday,True,10,2025,43,4,534,fin_de_semana,otoño,1,False,False,False,False
2025-10-26,mañana,6,6,Sunday,True,10,2025,43,4,535,fin_de_semana,otoño,0,False,False,False,False
2025-10-26,tarde,11,6,Sunday,True,10,2025,43,4,535,fin_de_semana,otoño,1,False,False,False,False
2025-10-27,mañana,3,0,Monday,False,10,2025,44,4,536,entre_semana,otoño,0,False,False,False,False
2025-10-27,tarde,2,0,Monday,False,10,2025,44,4,536,entre_semana,otoño,1,False,False,False,False
2025-10-28,mañana,1,1,Tuesday,False,10,2025,44,4,537,entre_semana,otoño,0,False,False,False,False
2025-10-28,tarde,4,1,Tuesday,False,10,2025,44,4,537,entre_semana,otoño,1,False,False,False,False
2025-10-29,mañana,8,2,Wednesday,False,10,2025,44,4,538,entre_semana,otoño,0,False,False,False,False
2025-10-29,tarde,11,2,Wednesday,False,10,2025,44,4,538,entre_semana,otoño,1,False,False,False,False
2025-10-30,mañana,3,3,Thursday,False,10,2025,44,4,539,entre_semana,otoño,0,False,False,False,False
2025-10-30,tarde,11,3,Thursday,False,10,2025,44,4,539,entre_semana,otoño,1,False,False,False,False
2025-10-31,mañana,2,4,Friday,False,10,2025,44,4,540,viernes,otoño,0,False,True,False,False
2025-10-31,tarde,9,4,Friday,False,10,2025,44,4,540,viernes,otoño,1,False,True,False,False
2025-11-01,mañana,4,5,Saturday,True,11,2025,44,4,541,fin_de_semana,otoño,0,True,False,False,False
2025-11-01,tarde,15,5,Saturday,True,11,2025,44,4,541,fin_de_semana,otoño,1,True,False,False,False
2025-11-02,mañana,10,6,Sunday,True,11,2025,44,4,542,fin_de_semana,otoño,0,False,False,False,False
2025-11-02,tarde,6,6,Sunday,True,11,2025,44,4,542,fin_de_semana,otoño,1,False,False,False,False
2025-11-03,mañana,1,0,Monday,False,11,2025,45,4,543,entre_semana,otoño,0,False,False,False,False
2025-11-03,tarde,5,0,Monday,False,11,2025,45,4,543,entre_semana,otoño,1,False,False,False,False
2025-11-04,mañana,0,1,Tuesday,False,11,2025,45,4,544,entre_semana,otoño,0,False,False,False,False
2025-11-04,tarde,1,1,Tuesday,False,11,2025,45,4,544,entre_semana,otoño,1,False,False,False,False
2025-11-05,mañana,3,2,Wednesday,False,11,2025,45,4,545,entre_semana,otoño,0,False,False,False,False
2025-11-05,tarde,3,2,Wednesday,False,11,2025,45,4,545,entre_semana,otoño,1,False,False,False,False
2025-11-06,mañana,2,3,Thursday,False,11,2025,45,4,546,entre_semana,otoño,0,False,False,False,False
2025-11-06,tarde,5,3,Thursday,False,11,2025,45,4,546,entre_semana,otoño,1,False,False,False,False
2025-11-07,mañana,3,4,Friday,False,11,2025,45,4,547,viernes,otoño,0,False,False,False,False
2025-11-07,tarde,9,4,Friday,False,11,2025,45,4,547,viernes,otoño,1,False,False,False,False
2025-11-08,mañana,4,5,Saturday,True,11,2025,45,4,548,fin_de_semana,otoño,0,False,False,False,False
2025-11-08,tarde,6,5,Saturday,True,11,2025,45,4,548,fin_de_semana,otoño,1,False,False,False,False
2025-11-09,mañana,6,6,Sunday,True,11,2025,45,4,549,fin_de_semana,otoño,0,False,False,False,False
2025-11-09,tarde,9,6,Sunday,True,11,2025,45,4,549,fin_de_semana,otoño,1,False,False,False,False
2025-11-10,mañana,4,0,Monday,False,11,2025,46,4,550,entre_semana,otoño,0,False,False,False,False
2025-11-10,tarde,2,0,Monday,False,11,2025,46,4,550,entre_semana,otoño,1,False,False,False,False
2025-11-11,mañana,1,1,Tuesday,False,11,2025,46,4,551,entre_semana,otoño,0,False,False,False,False
2025-11-11,tarde,2,1,Tuesday,False,11,2025,46,4,551,entre_semana,otoño,1,False,False,False,False
2025-11-12,mañana,2,2,Wednesday,False,11,2025,46,4,552,entre_semana,otoño,0,False,False,False,False
2025-11-12,tarde,6,2,Wednesday,False,11,2025,46,4,552,entre_semana,otoño,1,False,False,False,False
2025-11-13,mañana,1,3,Thursday,False,11,2025,46,4,553,entre_semana,otoño,0,False,False,False,False
2025-11-13,tarde,3,3,Thursday,False,11,2025,46,4,553,entre_semana,otoño,1,False,False,False,False
2025-11-14,mañana,6,4,Friday,False,11,2025,46,4,554,viernes,otoño,0,False,False,False,False
2025-11-14,tarde,10,4,Friday,False,11,2025,46,4,554,viernes,otoño,1,False,False,False,False
2025-11-15,mañana,9,5,Saturday,True,11,2025,46,4,555,fin_de_semana,otoño,0,False,False,False,False
2025-11-15,tarde,10,5,Saturday,True,11,2025,46,4,555,fin_de_semana,otoño,1,False,False,False,False
2025-11-16,mañana,7,6,Sunday,True,11,2025,46,4,556,fin_de_semana,otoño,0,False,False,False,False
2025-11-16,tarde,10,6,Sunday,True,11,2025,46,4,556,fin_de_semana,otoño,1,False,False,False,False
2025-11-17,mañana,0,0,Monday,False,11,2025,47,4,557,entre_semana,otoño,0,False,False,False,False
2025-11-17,tarde,0,0,Monday,False,11,2025,47,4,557,entre_semana,otoño,1,False,False,False,False
2025-11-18,mañana,0,1,Tuesday,False,11,2025,47,4,558,entre_semana,otoño,0,False,False,False,False
2025-11-18,tarde,0,1,Tuesday,False,11,2025,47,4,558,entre_semana,otoño,1,False,False,False,False
2025-11-19,mañana,0,2,Wednesday,False,11,2025,47,4,559,entre_semana,otoño,0,False,False,False,False
2025-11-19,tarde,0,2,Wednesday,False,11,2025,47,4,559,entre_semana,otoño,1,False,False,False,False
2025-11-20,mañana,1,3,Thursday,False,11,2025,47,4,560,entre_semana,otoño,0,False,False,False,False
2025-11-20,tarde,3,3,Thursday,False,11,2025,47,4,560,entre_semana,otoño,1,False,False,False,False
2025-11-21,mañana,3,4,Friday,False,11,2025,47,4,561,viernes,otoño,0,False,False,False,False
2025-11-21,tarde,8,4,Friday,False,11,2025,47,4,561,viernes,otoño,1,False,False,False,False
2025-11-22,mañana,7,5,Saturday,True,11,2025,47,4,562,fin_de_semana,otoño,0,False,False,False,False
2025-11-22,tarde,9,5,Saturday,True,11,2025,47,4,562,fin_de_semana,otoño,1,False,False,False,False
2025-11-23,mañana,6,6,Sunday,True,11,2025,47,4,563,fin_de_semana,otoño,0,False,False,False,False
2025-11-23,tarde,4,6,Sunday,True,11,2025,47,4,563,fin_de_semana,otoño,1,False,False,False,False
2025-11-24,mañana,0,0,Monday,False,11,2025,48,4,564,entre_semana,otoño,0,False,False,False,False
2025-11-24,tarde,2,0,Monday,False,11,2025,48,4,564,entre_semana,otoño,1,False,False,False,False
2025-11-25,mañana,0,1,Tuesday,False,11,2025,48,4,565,entre_semana,otoño,0,False,False,False,False
2025-11-25,tarde,4,1,Tuesday,False,11,2025,48,4,565,entre_semana,otoño,1,False,False,False,False
2025-11-26,mañana,3,2,Wednesday,False,11,2025,48,4,566,entre_semana,otoño,0,False,False,False,False
2025-11-26,tarde,3,2,Wednesday,False,11,2025,48,4,566,entre_semana,otoño,1,False,False,False,False
2025-11-27,mañana,0,3,Thursday,False,11,2025,48,4,567,entre_semana,otoño,0,False,False,False,False
2025-11-27,tarde,2,3,Thursday,False,11,2025,48,4,567,entre_semana,otoño,1,False,False,False,False
2025-11-28,mañana,2,4,Friday,False,11,2025,48,4,568,viernes,otoño,0,False,False,False,False
2025-11-28,tarde,7,4,Friday,False,11,2025,48,4,568,viernes,otoño,1,False,False,False,False
2025-11-29,mañana,6,5,Saturday,True,11,2025,48,4,569,fin_de_semana,otoño,0,False,False,False,False
2025-11-29,tarde,3,5,Saturday,True,11,2025,48,4,569,fin_de_semana,otoño,1,False,False,False,False
2025-11-30,mañana,1,6,Sunday,True,11,2025,48,4,570,fin_de_semana,otoño,0,False,False,False,False
2025-11-30,tarde,6,6,Sunday,True,11,2025,48,4,570,fin_de_semana,otoño,1,False,False,False,False
2025-12-01,mañana,1,0,Monday,False,12,2025,49,4,571,entre_semana,invierno,0,False,False,False,False
2025-12-01,tarde,2,0,Monday,False,12,2025,49,4,571,entre_semana,invierno,1,False,False,False,False
2025-12-02,mañana,2,1,Tuesday,False,12,2025,49,4,572,entre_semana,invierno,0,False,False,False,False
2025-12-02,tarde,1,1,Tuesday,False,12,2025,49,4,572,entre_semana,invierno,1,False,False,False,False
2025-12-03,mañana,2,2,Wednesday,False,12,2025,49,4,573,entre_semana,invierno,0,False,False,False,False
2025-12-03,tarde,3,2,Wednesday,False,12,2025,49,4,573,entre_semana,invierno,1,False,False,False,False
2025-12-04,mañana,3,3,Thursday,False,12,2025,49,4,574,entre_semana,invierno,0,False,False,False,False
2025-12-04,tarde,2,3,Thursday,False,12,2025,49,4,574,entre_semana,invierno,1,False,False,False,False
2025-12-05,mañana,1,4,Friday,False,12,2025,49,4,575,viernes,invierno,0,False,True,False,False
2025-12-05,tarde,5,4,Friday,False,12,2025,49,4,575,viernes,invierno,1,False,True,False,False
2025-12-06,mañana,8,5,Saturday,True,12,2025,49,4,576,fin_de_semana,invierno,0,True,False,False,False
2025-12-06,tarde,5,5,Saturday,True,12,2025,49,4,576,fin_de_semana,invierno,1,True,False,False,False
2025-12-07,mañana,3,6,Sunday,True,12,2025,49,4,577,fin_de_semana,invierno,0,False,True,False,False
2025-12-07,tarde,4,6,Sunday,True,12,2025,49,4,577,fin_de_semana,invierno,1,False,True,False,False
2025-12-08,mañana,4,0,Monday,False,12,2025,50,4,578,entre_semana,invierno,0,True,False,False,False
2025-12-08,tarde,4,0,Monday,False,12,2025,50,4,578,entre_semana,invierno,1,True,False,False,False
2025-12-09,mañana,1,1,Tuesday,False,12,2025,50,4,579,entre_semana,invierno,0,False,False,False,False
2025-12-09,tarde,2,1,Tuesday,False,12,2025,50,4,579,entre_semana,invierno,1,False,False,False,False
2025-12-10,mañana,2,2,Wednesday,False,12,2025,50,4,580,entre_semana,invierno,0,False,False,False,False
2025-12-10,tarde,2,2,Wednesday,False,12,2025,50,4,580,entre_semana,invierno,1,False,False,False,False
2025-12-11,mañana,1,3,Thursday,False,12,2025,50,4,581,entre_semana,invierno,0,False,False,False,False
2025-12-11,tarde,3,3,Thursday,False,12,2025,50,4,581,entre_semana,invierno,1,False,False,False,False
2025-12-12,mañana,3,4,Friday,False,12,2025,50,4,582,viernes,invierno,0,False,False,False,False
2025-12-12,tarde,7,4,Friday,False,12,2025,50,4,582,viernes,invierno,1,False,False,False,False
2025-12-13,mañana,2,5,Saturday,True,12,2025,50,4,583,fin_de_semana,invierno,0,False,False,False,False
2025-12-13,tarde,7,5,Saturday,True,12,2025,50,4,583,fin_de_semana,invierno,1,False,False,False,False
2025-12-14,mañana,3,6,Sunday,True,12,2025,50,4,584,fin_de_semana,invierno,0,False,False,False,False
2025-12-14,tarde,4,6,Sunday,True,12,2025,50,4,584,fin_de_semana,invierno,1,False,False,False,False
2025-12-15,mañana,0,0,Monday,False,12,2025,51,4,585,entre_semana,invierno,0,False,False,False,False
2025-12-15,tarde,3,0,Monday,False,12,2025,51,4,585,entre_semana,invierno,1,False,False,False,False
2025-12-16,mañana,3,1,Tuesday,False,12,2025,51,4,586,entre_semana,invierno,0,False,False,False,False
2025-12-16,tarde,1,1,Tuesday,False,12,2025,51,4,586,entre_semana,invierno,1,False,False,False,False
2025-12-17,mañana,3,2,Wednesday,False,12,2025,51,4,587,entre_semana,invierno,0,False,False,False,False
2025-12-17,tarde,1,2,Wednesday,False,12,2025,51,4,587,entre_semana,invierno,1,False,False,False,False
2025-12-18,mañana,0,3,Thursday,False,12,2025,51,4,588,entre_semana,invierno,0,False,False,False,False
2025-12-18,tarde,2,3,Thursday,False,12,2025,51,4,588,entre_semana,invierno,1,False,False,False,False
2025-12-19,mañana,2,4,Friday,False,12,2025,51,4,589,viernes,invierno,0,False,False,False,False
2025-12-19,tarde,5,4,Friday,False,12,2025,51,4,589,viernes,invierno,1,False,False,False,False
2025-12-20,mañana,7,5,Saturday,True,12,2025,51,4,590,fin_de_semana,invierno,0,False,False,False,False
2025-12-20,tarde,8,5,Saturday,True,12,2025,51,4,590,fin_de_semana,invierno,1,False,False,False,False
2025-12-21,mañana,3,6,Sunday,True,12,2025,51,4,591,fin_de_semana,invierno,0,False,False,False,False
2025-12-21,tarde,5,6,Sunday,True,12,2025,51,4,591,fin_de_semana,invierno,1,False,False,False,False
2025-12-22,mañana,5,0,Monday,False,12,2025,52,4,592,entre_semana,invierno,0,False,False,False,False
2025-12-22,tarde,6,0,Monday,False,12,2025,52,4,592,entre_semana,invierno,1,False,False,False,False
2025-12-23,mañana,3,1,Tuesday,False,12,2025,52,4,593,entre_semana,invierno,0,False,False,False,False
2025-12-23,tarde,6,1,Tuesday,False,12,2025,52,4,593,entre_semana,invierno,1,False,False,False,False
2025-12-24,mañana,2,2,Wednesday,False,12,2025,52,4,594,entre_semana,invierno,0,False,True,False,False
2025-12-24,tarde,2,2,Wednesday,False,12,2025,52,4,594,entre_semana,invierno,1,False,True,False,False
2025-12-25,mañana,0,3,Thursday,False,12,2025,52,4,595,entre_semana,invierno,0,True,False,False,True
2025-12-25,tarde,0,3,Thursday,False,12,2025,52,4,595,entre_semana,invierno,1,True,False,False,True
2025-12-26,mañana,5,4,Friday,False,12,2025,52,4,596,viernes,invierno,0,False,False,False,False
2025-12-26,tarde,9,4,Friday,False,12,2025,52,4,596,viernes,invierno,1,False,False,False,False
2025-12-27,mañana,6,5,Saturday,True,12,2025,52,4,597,fin_de_semana,invierno,0,False,False,False,False
2025-12-27,tarde,11,5,Saturday,True,12,2025,52,4,597,fin_de_semana,invierno,1,False,False,False,False
2025-12-28,mañana,5,6,Sunday,True,12,2025,52,4,598,fin_de_semana,invierno,0,False,False,False,False
2025-12-28,tarde,4,6,Sunday,True,12,2025,52,4,598,fin_de_semana,invierno,1,False,False,False,False
2025-12-29,mañana,3,0,Monday,False,12,2025,1,4,599,entre_semana,invierno,0,False,False,False,False
2025-12-29,tarde,9,0,Monday,False,12,2025,1,4,599,entre_semana,invierno,1,False,False,False,False
2025-12-30,mañana,9,1,Tuesday,False,12,2025,1,4,600,entre_semana,invierno,0,False,False,False,False
2025-12-30,tarde,3,1,Tuesday,False,12,2025,1,4,600,entre_semana,invierno,1,False,False,False,False
2025-12-31,mañana,0,2,Wednesday,False,12,2025,1,4,601,entre_semana,invierno,0,False,True,False,False
2025-12-31,tarde,5,2,Wednesday,False,12,2025,1,4,601,entre_semana,invierno,1,False,True,False,False
2026-01-01,mañana,0,3,Thursday,False,1,2026,1,1,602,entre_semana,invierno,0,True,False,False,True
2026-01-01,tarde,0,3,Thursday,False,1,2026,1,1,602,entre_semana,invierno,1,True,False,False,True
2026-01-02,mañana,3,4,Friday,False,1,2026,1,1,603,viernes,invierno,0,False,False,False,False
2026-01-02,tarde,8,4,Friday,False,1,2026,1,1,603,viernes,invierno,1,False,False,False,False
2026-01-03,mañana,6,5,Saturday,True,1,2026,1,1,604,fin_de_semana,invierno,0,False,False,False,False
2026-01-03,tarde,4,5,Saturday,True,1,2026,1,1,604,fin_de_semana,invierno,1,False,False,False,False
2026-01-04,mañana,8,6,Sunday,True,1,2026,1,1,605,fin_de_semana,invierno,0,False,False,False,False
2026-01-04,tarde,12,6,Sunday,True,1,2026,1,1,605,fin_de_semana,invierno,1,False,False,False,False
2026-01-05,mañana,2,0,Monday,False,1,2026,2,1,606,entre_semana,invierno,0,False,True,False,False
2026-01-05,tarde,1,0,Monday,False,1,2026,2,1,606,entre_semana,invierno,1,False,True,False,False
2026-01-06,mañana,0,1,Tuesday,False,1,2026,2,1,607,entre_semana,invierno,0,True,False,False,True
2026-01-06,tarde,0,1,Tuesday,False,1,2026,2,1,607,entre_semana,invierno,1,True,False,False,True
2026-01-07,mañana,5,2,Wednesday,False,1,2026,2,1,608,entre_semana,invierno,0,False,False,False,False
2026-01-07,tarde,5,2,Wednesday,False,1,2026,2,1,608,entre_semana,invierno,1,False,False,False,False
2026-01-08,mañana,2,3,Thursday,False,1,2026,2,1,609,entre_semana,invierno,0,False,False,False,False
2026-01-08,tarde,4,3,Thursday,False,1,2026,2,1,609,entre_semana,invierno,1,False,False,False,False
2026-01-09,mañana,4,4,Friday,False,1,2026,2,1,610,viernes,invierno,0,False,False,False,False
2026-01-09,tarde,6,4,Friday,False,1,2026,2,1,610,viernes,invierno,1,False,False,False,False
2026-01-10,mañana,6,5,Saturday,True,1,2026,2,1,611,fin_de_semana,invierno,0,False,False,False,False
2026-01-10,tarde,12,5,Saturday,True,1,2026,2,1,611,fin_de_semana,invierno,1,False,False,False,False
2026-01-11,mañana,8,6,Sunday,True,1,2026,2,1,612,fin_de_semana,invierno,0,False,False,False,False
2026-01-11,tarde,8,6,Sunday,True,1,2026,2,1,612,fin_de_semana,invierno,1,False,False,False,False
2026-01-12,mañana,0,0,Monday,False,1,2026,3,1,613,entre_semana,invierno,0,False,False,False,False
2026-01-12,tarde,5,0,Monday,False,1,2026,3,1,613,entre_semana,invierno,1,False,False,False,False
2026-01-13,mañana,3,1,Tuesday,False,1,2026,3,1,614,entre_semana,invierno,0,False,False,False,False
2026-01-13,tarde,3,1,Tuesday,False,1,2026,3,1,614,entre_semana,invierno,1,False,False,False,False
2026-01-14,mañana,4,2,Wednesday,False,1,2026,3,1,615,entre_semana,invierno,0,False,False,False,False
2026-01-14,tarde,3,2,Wednesday,False,1,2026,3,1,615,entre_semana,invierno,1,False,False,False,False
2026-01-15,mañana,4,3,Thursday,False,1,2026,3,1,616,entre_semana,invierno,0,False,False,False,False
2026-01-15,tarde,1,3,Thursday,False,1,2026,3,1,616,entre_semana,invierno,1,False,False,False,False
2026-01-16,mañana,5,4,Friday,False,1,2026,3,1,617,viernes,invierno,0,False,False,False,False
2026-01-16,tarde,11,4,Friday,False,1,2026,3,1,617,viernes,invierno,1,False,False,False,False
2026-01-17,mañana,8,5,Saturday,True,1,2026,3,1,618,fin_de_semana,invierno,0,False,False,False,False
2026-01-17,tarde,8,5,Saturday,True,1,2026,3,1,618,fin_de_semana,invierno,1,False,False,False,False
2026-01-18,mañana,7,6,Sunday,True,1,2026,3,1,619,fin_de_semana,invierno,0,False,False,False,False
2026-01-18,tarde,8,6,Sunday,True,1,2026,3,1,619,fin_de_semana,invierno,1,False,False,False,False
2026-01-19,mañana,2,0,Monday,False,1,2026,4,1,620,entre_semana,invierno,0,False,False,False,False
2026-01-19,tarde,4,0,Monday,False,1,2026,4,1,620,entre_semana,invierno,1,False,False,False,False
2026-01-20,mañana,2,1,Tuesday,False,1,2026,4,1,621,entre_semana,invierno,0,False,False,False,False
2026-01-20,tarde,2,1,Tuesday,False,1,2026,4,1,621,entre_semana,invierno,1,False,False,False,False
2026-01-21,mañana,2,2,Wednesday,False,1,2026,4,1,622,entre_semana,invierno,0,False,False,False,False
2026-01-21,tarde,2,2,Wednesday,False,1,2026,4,1,622,entre_semana,invierno,1,False,False,False,False
2026-01-22,mañana,0,3,Thursday,False,1,2026,4,1,623,entre_semana,invierno,0,False,False,False,False
2026-01-22,tarde,3,3,Thursday,False,1,2026,4,1,623,entre_semana,invierno,1,False,False,False,False
2026-01-23,mañana,3,4,Friday,False,1,2026,4,1,624,viernes,invierno,0,False,False,False,False
2026-01-23,tarde,7,4,Friday,False,1,2026,4,1,624,viernes,invierno,1,False,False,False,False
2026-01-24,mañana,8,5,Saturday,True,1,2026,4,1,625,fin_de_semana,invierno,0,False,False,False,False
2026-01-24,tarde,12,5,Saturday,True,1,2026,4,1,625,fin_de_semana,invierno,1,False,False,False,False
